997,0
994,0
554,0
487,0
403,0
5,0
0,0
473,1
2893,1
2891,1
2870,1
2869,1
2862,1
2859,1
2854,1
2851,1
2850,1
2848,1
2845,1
2827,1
2781,1
2779,1
2778,1
2771,1
2740,1
2739,1
2724,1
2717,1
2674,1
2638,1
2610,1
2333,1
2331,1
2294,1
2226,1
2209,1
2208,1
2061,1
2028,1
2027,1
1933,1
1903,1
1865,1
1854,1
1851,1
1832,1
1653,1
1651,1
1650,1
1594,1
1579,1
1528,1
1525,1
1517,1
1504,1
1486,1
1471,1
1201,1
1102,1
1054,1
999,1
998,1
990,1
970,1
969,1
966,1
894,1
892,1
862,1
861,1
860,1
855,1
825,1
815,1
814,1
801,1
798,1
796,1
793,1
792,1
790,1
771,1
747,1
746,1
744,1
723,1
721,1
720,1
694,1
690,1
679,1
678,1
677,1
635,1
599,1
574,1
566,1
553,1
550,1
544,1
542,1
541,1
530,1
497,1
489,1
488,1
475,1
474,1
0,1
2,1
22,1
44,1
46,1
55,1
67,1
68,1
71,1
77,1
94,1
106,1
108,1
110,1
113,1
115,1
117,1
118,1
120,1
125,1
126,1
132,1
133,1
152,1
154,1
167,1
168,1
169,1
180,1
183,1
185,1
190,1
191,1
200,1
201,1
206,1
264,1
267,1
297,1
302,1
307,1
324,1
340,1
370,1
372,1
374,1
398,1
401,1
452,1
455,1
0,2
721,3
1359,3
1000,3
994,3
934,3
933,3
875,3
860,3
801,3
799,3
795,3
790,3
765,3
760,3
742,3
735,3
734,3
731,3
0,3
1,3
2,3
4,3
5,3
6,3
22,3
44,3
48,3
131,3
138,3
140,3
162,3
179,3
180,3
194,3
195,3
197,3
198,3
206,3
238,3
239,3
327,3
328,3
330,3
359,3
360,3
401,3
410,3
411,3
412,3
414,3
415,3
416,3
488,3
514,3
529,3
531,3
554,3
563,3
564,3
572,3
573,3
576,3
681,3
686,3
694,3
696,3
701,3
720,3
181,4
1359,4
1000,4
999,4
997,4
994,4
993,4
992,4
934,4
933,4
875,4
873,4
872,4
860,4
859,4
858,4
855,4
826,4
825,4
802,4
801,4
799,4
798,4
797,4
796,4
795,4
794,4
792,4
790,4
764,4
761,4
760,4
746,4
745,4
744,4
743,4
742,4
735,4
734,4
733,4
731,4
730,4
725,4
724,4
723,4
722,4
721,4
720,4
719,4
716,4
715,4
701,4
700,4
696,4
695,4
694,4
687,4
686,4
683,4
682,4
681,4
599,4
598,4
597,4
596,4
595,4
594,4
593,4
576,4
573,4
572,4
571,4
570,4
569,4
568,4
567,4
566,4
565,4
564,4
563,4
554,4
542,4
541,4
540,4
539,4
538,4
534,4
533,4
532,4
531,4
530,4
529,4
514,4
489,4
488,4
487,4
455,4
454,4
438,4
437,4
436,4
435,4
434,4
433,4
432,4
431,4
430,4
416,4
415,4
414,4
412,4
411,4
410,4
403,4
401,4
400,4
373,4
372,4
371,4
360,4
359,4
330,4
328,4
327,4
239,4
238,4
237,4
236,4
220,4
216,4
206,4
205,4
204,4
203,4
201,4
200,4
199,4
198,4
197,4
196,4
195,4
194,4
193,4
192,4
191,4
190,4
189,4
188,4
187,4
186,4
185,4
184,4
183,4
182,4
0,4
1,4
2,4
3,4
4,4
5,4
6,4
11,4
20,4
22,4
23,4
24,4
34,4
37,4
43,4
44,4
45,4
47,4
48,4
53,4
113,4
114,4
115,4
116,4
117,4
126,4
130,4
131,4
132,4
133,4
134,4
135,4
136,4
137,4
138,4
139,4
140,4
152,4
154,4
155,4
162,4
163,4
164,4
165,4
167,4
168,4
169,4
178,4
179,4
180,4
994,5
875,5
825,5
797,5
790,5
765,5
763,5
742,5
730,5
716,5
696,5
695,5
687,5
683,5
682,5
594,5
576,5
568,5
554,5
539,5
529,5
514,5
455,5
436,5
434,5
432,5
431,5
430,5
414,5
412,5
411,5
400,5
330,5
328,5
184,5
183,5
182,5
178,5
162,5
34,5
23,5
22,5
11,5
6,5
5,5
4,5
3,5
2,5
1,5
0,5
4092,6
3774,6
3728,6
3414,6
2893,6
997,6
542,6
538,6
184,6
179,6
138,6
125,6
120,6
53,6
0,6
2894,7
875,7
825,7
797,7
763,7
730,7
725,7
724,7
716,7
687,7
682,7
594,7
569,7
566,7
532,7
530,7
514,7
436,7
434,7
399,7
371,7
328,7
204,7
181,7
165,7
164,7
163,7
154,7
53,7
43,7
34,7
24,7
6,7
4,7
2,7
1,7
2208,8
1969,8
1767,8
1198,8
763,8
747,8
746,8
745,8
722,8
698,8
697,8
696,8
598,8
530,8
438,8
435,8
415,8
401,8
267,8
264,8
239,8
238,8
237,8
218,8
205,8
204,8
203,8
201,8
199,8
185,8
179,8
165,8
114,8
14,8
4,8
3,8
2,8
698,9
4101,9
4090,9
4072,9
4067,9
4046,9
4020,9
4007,9
3966,9
3900,9
3865,9
3840,9
3810,9
3804,9
3796,9
3772,9
3732,9
3637,9
3636,9
3635,9
3612,9
3588,9
3510,9
3452,9
3403,9
3373,9
3352,9
3337,9
3282,9
3254,9
3244,9
3233,9
3210,9
3196,9
3152,9
3121,9
3077,9
3076,9
2952,9
2934,9
2931,9
2914,9
2910,9
2900,9
2751,9
1423,9
1358,9
1347,9
1345,9
995,9
991,9
989,9
984,9
978,9
974,9
973,9
968,9
967,9
930,9
913,9
895,9
881,9
871,9
854,9
852,9
851,9
836,9
833,9
831,9
830,9
829,9
827,9
822,9
820,9
819,9
818,9
770,9
768,9
766,9
713,9
710,9
709,9
708,9
707,9
706,9
2,9
15,9
36,9
64,9
65,9
66,9
72,9
79,9
84,9
122,9
124,9
142,9
148,9
151,9
156,9
157,9
158,9
159,9
160,9
217,9
218,9
219,9
235,9
245,9
323,9
336,9
338,9
339,9
346,9
353,9
354,9
355,9
356,9
357,9
376,9
379,9
399,9
428,9
458,9
476,9
506,9
508,9
510,9
590,9
650,9
664,9
665,9
667,9
668,9
697,9
2,10
2893,11
2560,11
2267,11
2258,11
1010,11
1000,11
725,11
723,11
696,11
681,11
613,11
599,11
524,11
523,11
435,11
433,11
432,11
196,11
195,11
184,11
179,11
165,11
162,11
5,11
4,11
3,11
2893,12
2560,12
999,12
723,12
524,12
435,12
3,12
733,13
683,13
571,13
568,13
567,13
430,13
23,13
3,13
436,14
432,14
431,14
167,14
115,14
113,14
5,14
3,14
683,15
568,15
567,15
330,15
3,15
2893,16
2862,16
2334,16
765,16
763,16
725,16
723,16
613,16
531,16
432,16
431,16
179,16
165,16
162,16
4,16
3,16
2873,17
2872,17
2334,17
2268,17
2267,17
2258,17
1935,17
1934,17
1475,17
1457,17
1010,17
763,17
716,17
696,17
683,17
639,17
598,17
597,17
596,17
594,17
524,17
523,17
438,17
437,17
435,17
433,17
432,17
431,17
430,17
267,17
238,17
203,17
199,17
198,17
196,17
195,17
184,17
182,17
179,17
165,17
162,17
116,17
34,17
6,17
5,17
4,17
3,17
4015,18
3724,18
3408,18
3340,18
3232,18
3099,18
2954,18
993,18
794,18
763,18
733,18
716,18
683,18
593,18
568,18
567,18
534,18
487,18
455,18
454,18
436,18
434,18
432,18
431,18
430,18
416,18
414,18
412,18
411,18
372,18
330,18
220,18
204,18
162,18
47,18
4,18
3,18
999,19
792,19
566,19
541,19
192,19
191,19
190,19
3,19
139,20
117,20
3,20
410,21
4075,21
4049,21
4039,21
4015,21
3935,21
3931,21
3893,21
3887,21
3860,21
3814,21
3793,21
3779,21
3724,21
3670,21
3668,21
3647,21
3596,21
3568,21
3563,21
3479,21
3449,21
3426,21
3419,21
3408,21
3340,21
3283,21
3278,21
3266,21
3216,21
3188,21
3094,21
3061,21
3014,21
2982,21
2904,21
1359,21
999,21
994,21
993,21
992,21
934,21
933,21
875,21
873,21
872,21
860,21
859,21
858,21
855,21
826,21
825,21
802,21
801,21
799,21
798,21
797,21
796,21
794,21
792,21
790,21
764,21
763,21
725,21
723,21
722,21
721,21
720,21
719,21
715,21
701,21
696,21
686,21
683,21
681,21
598,21
597,21
596,21
595,21
594,21
566,21
565,21
542,21
541,21
539,21
538,21
534,21
533,21
531,21
514,21
489,21
488,21
438,21
436,21
435,21
434,21
433,21
432,21
431,21
430,21
416,21
415,21
414,21
412,21
411,21
3,21
4,21
5,21
20,21
24,21
45,21
115,21
133,21
139,21
162,21
164,21
165,21
168,21
169,21
178,21
179,21
180,21
181,21
182,21
183,21
184,21
185,21
186,21
187,21
188,21
189,21
190,21
191,21
192,21
193,21
194,21
195,21
196,21
197,21
198,21
199,21
203,21
204,21
205,21
206,21
216,21
236,21
237,21
238,21
239,21
327,21
371,21
373,21
400,21
401,21
4,22
790,23
514,23
414,23
412,23
5,23
5,24
5,25
5,26
5,27
45,28
5,28
994,29
872,29
860,29
826,29
825,29
744,29
533,29
435,29
330,29
186,29
6,29
6,30
6,31
2820,32
1136,32
219,32
8,32
889,33
4095,33
3859,33
3789,33
3223,33
3149,33
3135,33
3120,33
1360,33
1353,33
1351,33
965,33
962,33
954,33
953,33
944,33
943,33
940,33
936,33
935,33
919,33
917,33
916,33
894,33
8,33
16,33
17,33
57,33
83,33
85,33
171,33
173,33
174,33
175,33
176,33
208,33
213,33
334,33
335,33
397,33
443,33
446,33
475,33
490,33
547,33
548,33
558,33
559,33
580,33
601,33
631,33
632,33
643,33
652,33
666,33
692,33
737,33
782,33
806,33
808,33
812,33
840,33
841,33
842,33
843,33
844,33
845,33
846,33
847,33
848,33
849,33
885,33
886,33
887,33
512,34
4058,34
4001,34
3916,34
3907,34
3840,34
3826,34
3789,34
3781,34
3636,34
3630,34
3594,34
3536,34
3523,34
3510,34
3488,34
3480,34
3446,34
3390,34
3384,34
3303,34
3300,34
3254,34
3146,34
3126,34
3034,34
3026,34
3007,34
3001,34
2802,34
1388,34
1387,34
1386,34
1385,34
1384,34
1383,34
1382,34
1380,34
1379,34
1358,34
1357,34
1356,34
1354,34
1349,34
1348,34
1347,34
1002,34
989,34
974,34
973,34
930,34
928,34
874,34
867,34
839,34
838,34
836,34
834,34
832,34
831,34
829,34
828,34
824,34
823,34
822,34
821,34
811,34
803,34
789,34
788,34
785,34
784,34
770,34
767,34
717,34
713,34
712,34
710,34
706,34
693,34
692,34
690,34
689,34
688,34
677,34
668,34
665,34
648,34
645,34
615,34
609,34
583,34
575,34
555,34
543,34
537,34
521,34
519,34
518,34
517,34
516,34
515,34
513,34
8,34
35,34
38,34
64,34
72,34
74,34
84,34
96,34
98,34
107,34
119,34
124,34
144,34
146,34
147,34
151,34
166,34
211,34
215,34
319,34
322,34
325,34
326,34
336,34
345,34
348,34
351,34
353,34
375,34
380,34
382,34
383,34
393,34
394,34
395,34
407,34
419,34
423,34
451,34
457,34
459,34
469,34
476,34
493,34
494,34
498,34
501,34
504,34
506,34
511,34
512,35
2867,35
2865,35
2859,35
2850,35
2822,35
2821,35
2820,35
2819,35
2816,35
2815,35
2813,35
2812,35
2811,35
2810,35
2802,35
2787,35
2782,35
2781,35
2775,35
2774,35
2772,35
2760,35
2759,35
2753,35
2750,35
2749,35
2748,35
2747,35
2743,35
2742,35
2738,35
2721,35
2719,35
2701,35
2699,35
2668,35
2581,35
2559,35
2539,35
2536,35
2480,35
2476,35
2398,35
2397,35
2396,35
2395,35
2394,35
2393,35
2392,35
2391,35
2390,35
2389,35
2388,35
2371,35
2370,35
2335,35
2307,35
2295,35
2281,35
2253,35
2238,35
2237,35
2170,35
2169,35
2168,35
2167,35
2166,35
2163,35
2129,35
2120,35
2067,35
2057,35
2026,35
2025,35
2024,35
1968,35
1932,35
1931,35
1866,35
1860,35
1854,35
1853,35
1850,35
1831,35
1830,35
1737,35
1734,35
1732,35
1702,35
1684,35
1682,35
1681,35
1671,35
1668,35
1659,35
1656,35
1633,35
1620,35
1589,35
1570,35
1568,35
1567,35
1563,35
1526,35
1523,35
1518,35
1485,35
1449,35
1388,35
1387,35
1386,35
1385,35
1384,35
1381,35
1372,35
1357,35
1350,35
1349,35
1348,35
1347,35
1346,35
1345,35
1202,35
1136,35
1132,35
1130,35
1129,35
1127,35
1002,35
974,35
973,35
972,35
930,35
929,35
884,35
874,35
873,35
871,35
867,35
854,35
838,35
836,35
835,35
834,35
833,35
832,35
831,35
830,35
829,35
828,35
824,35
822,35
821,35
820,35
819,35
818,35
800,35
798,35
797,35
786,35
784,35
780,35
779,35
770,35
767,35
730,35
722,35
717,35
715,35
713,35
710,35
709,35
708,35
707,35
706,35
687,35
685,35
680,35
679,35
677,35
664,35
648,35
647,35
646,35
615,35
612,35
576,35
575,35
557,35
551,35
543,35
539,35
537,35
521,35
516,35
513,35
8,35
10,35
19,35
35,35
38,35
49,35
54,35
64,35
72,35
73,35
74,35
76,35
84,35
98,35
105,35
107,35
109,35
119,35
123,35
150,35
151,35
163,35
166,35
211,35
215,35
278,35
305,35
306,35
311,35
324,35
325,35
326,35
373,35
374,35
375,35
377,35
407,35
408,35
419,35
421,35
451,35
456,35
457,35
469,35
476,35
493,35
494,35
504,35
506,35
511,35
4074,36
467,36
109,36
9,36
3779,37
3534,37
3482,37
3390,37
414,37
412,37
411,37
9,37
3766,38
990,38
988,38
878,38
719,38
585,38
551,38
499,38
406,38
385,38
384,38
350,38
318,38
222,38
69,38
10,38
4105,39
4070,39
4012,39
3922,39
3757,39
3665,39
3631,39
3536,39
3304,39
3226,39
3169,39
3149,39
3123,39
3046,39
3044,39
990,39
988,39
970,39
937,39
878,39
772,39
771,39
603,39
587,39
577,39
544,39
497,39
492,39
475,39
474,39
473,39
451,39
392,39
381,39
352,39
340,39
324,39
320,39
265,39
155,39
123,39
102,39
99,39
94,39
93,39
80,39
78,39
77,39
54,39
11,39
3945,40
3840,40
2997,40
1351,40
833,40
708,40
707,40
702,40
651,40
646,40
556,40
516,40
509,40
508,40
502,40
500,40
456,40
444,40
377,40
342,40
104,40
101,40
12,40
4072,41
901,41
762,41
755,41
606,41
600,41
424,41
12,41
2601,42
2592,42
2590,42
2544,42
2543,42
2357,42
2269,42
2185,42
2183,42
2138,42
1846,42
1341,42
1152,42
995,42
989,42
986,42
907,42
670,42
639,42
574,42
572,42
395,42
365,42
364,42
353,42
314,42
14,42
2601,43
2590,43
2544,43
2357,43
2183,43
394,43
378,43
14,43
505,44
4102,44
4101,44
4090,44
4046,44
4036,44
4020,44
3998,44
3991,44
3900,44
3840,44
3838,44
3810,44
3804,44
3789,44
3739,44
3535,44
3475,44
3384,44
3378,44
3373,44
3348,44
3282,44
3244,44
3237,44
3233,44
3196,44
3134,44
3077,44
3076,44
3051,44
3035,44
2952,44
2931,44
2910,44
1423,44
1354,44
1346,44
1345,44
1006,44
1005,44
997,44
995,44
991,44
986,44
984,44
978,44
976,44
972,44
971,44
968,44
967,44
930,44
927,44
895,44
877,44
871,44
870,44
854,44
852,44
851,44
850,44
837,44
835,44
830,44
827,44
820,44
819,44
818,44
806,44
803,44
789,44
768,44
766,44
732,44
718,44
714,44
709,44
703,44
699,44
698,44
697,44
690,44
689,44
685,44
684,44
670,44
668,44
667,44
664,44
654,44
650,44
649,44
647,44
640,44
590,44
589,44
588,44
579,44
552,44
536,44
535,44
518,44
515,44
510,44
509,44
508,44
15,44
21,44
33,44
36,44
49,44
50,44
52,44
65,44
66,44
72,44
79,44
92,44
105,44
111,44
142,44
148,44
150,44
156,44
158,44
160,44
202,44
217,44
218,44
219,44
235,44
242,44
245,44
323,44
339,44
343,44
345,44
346,44
354,44
355,44
356,44
357,44
358,44
376,44
379,44
396,44
402,44
404,44
405,44
408,44
413,44
421,44
428,44
458,44
501,44
503,44
15,45
2839,46
2639,46
2602,46
2448,46
2089,46
2086,46
2074,46
1897,46
1804,46
1759,46
1601,46
1600,46
1373,46
1204,46
965,46
962,46
954,46
947,46
936,46
843,46
842,46
782,46
692,46
246,46
213,46
17,46
16,46
2839,47
2639,47
2594,47
2448,47
2318,47
2252,47
2089,47
2074,47
2055,47
1928,47
1901,47
1897,47
1601,47
1600,47
1497,47
1375,47
1373,47
1360,47
1353,47
1351,47
1275,47
1204,47
1089,47
1061,47
1058,47
965,47
954,47
940,47
885,47
843,47
842,47
737,47
666,47
632,47
614,47
612,47
490,47
485,47
427,47
296,47
277,47
251,47
247,47
240,47
16,47
692,48
2878,48
2839,48
2832,48
2807,48
2806,48
2783,48
2716,48
2711,48
2708,48
2707,48
2706,48
2694,48
2680,48
2675,48
2670,48
2666,48
2654,48
2650,48
2643,48
2639,48
2629,48
2606,48
2602,48
2594,48
2522,48
2492,48
2458,48
2451,48
2448,48
2444,48
2386,48
2303,48
2302,48
2204,48
2174,48
2154,48
2151,48
2149,48
2147,48
2136,48
2134,48
2128,48
2089,48
2086,48
2074,48
2066,48
2055,48
2034,48
1965,48
1964,48
1962,48
1957,48
1950,48
1929,48
1927,48
1926,48
1924,48
1897,48
1881,48
1814,48
1805,48
1804,48
1798,48
1790,48
1755,48
1701,48
1619,48
1601,48
1600,48
1535,48
1467,48
1466,48
1465,48
1429,48
1377,48
1375,48
1374,48
1373,48
1369,48
1360,48
1355,48
1353,48
1351,48
1330,48
1303,48
1302,48
1204,48
1199,48
1197,48
1089,48
1061,48
1059,48
1048,48
1034,48
965,48
962,48
961,48
954,48
951,48
947,48
944,48
942,48
941,48
940,48
939,48
938,48
936,48
935,48
917,48
891,48
889,48
888,48
887,48
886,48
885,48
848,48
843,48
842,48
810,48
782,48
774,48
748,48
737,48
729,48
16,48
17,48
26,48
29,48
30,48
57,48
70,48
82,48
83,48
86,48
103,48
141,48
173,48
174,48
175,48
176,48
208,48
213,48
246,48
273,48
275,48
277,48
288,48
295,48
296,48
334,48
335,48
345,48
350,48
365,48
409,48
427,48
442,48
443,48
447,48
450,48
485,48
490,48
558,48
580,48
610,48
614,48
615,48
629,48
631,48
632,48
652,48
657,48
666,48
668,48
2839,49
2707,49
2706,49
1962,49
1601,49
1600,49
1375,49
1360,49
1353,49
1204,49
1199,49
1089,49
1061,49
965,49
962,49
954,49
947,49
939,49
886,49
885,49
843,49
842,49
737,49
666,49
614,49
490,49
427,49
296,49
277,49
213,49
16,49
1770,50
2839,50
2830,50
2757,50
2708,50
2675,50
2670,50
2652,50
2649,50
2632,50
2613,50
2594,50
2566,50
2525,50
2523,50
2522,50
2386,50
2381,50
2302,50
2291,50
2272,50
2159,50
2154,50
2126,50
2036,50
1945,50
1929,50
1927,50
1926,50
1791,50
1790,50
17,50
40,50
41,50
88,50
175,50
248,50
276,50
495,50
563,50
610,50
631,50
675,50
676,50
692,50
812,50
847,50
917,50
936,50
939,50
941,50
942,50
944,50
947,50
951,50
957,50
959,50
962,50
971,50
981,50
1057,50
1124,50
1154,50
1164,50
1195,50
1343,50
1355,50
1369,50
1374,50
1376,50
1413,50
1414,50
1416,50
1452,50
1500,50
1536,50
1572,50
1576,50
1645,50
1692,50
1755,50
3992,51
1472,51
630,51
481,51
17,51
1419,52
2710,52
2655,52
2630,52
2621,52
2620,52
2619,52
2587,52
2545,52
2524,52
2500,52
2495,52
2488,52
2423,52
2408,52
2378,52
2312,52
2311,52
2276,52
2241,52
2214,52
2212,52
2211,52
2196,52
2157,52
2086,52
2034,52
2022,52
2003,52
1987,52
1986,52
1978,52
1971,52
1905,52
1898,52
1889,52
1824,52
1797,52
1794,52
1786,52
1781,52
1772,52
1754,52
1694,52
1691,52
1690,52
1689,52
1616,52
1603,52
1580,52
1574,52
1546,52
1498,52
1490,52
1489,52
18,52
228,52
331,52
426,52
463,52
466,52
470,52
578,52
656,52
1007,52
1028,52
1029,52
1030,52
1032,52
1033,52
1043,52
1045,52
1064,52
1090,52
1092,52
1094,52
1117,52
1118,52
1121,52
1123,52
1125,52
1143,52
1146,52
1177,52
1186,52
1206,52
1207,52
1210,52
1216,52
1219,52
1221,52
1222,52
1243,52
1246,52
1247,52
1248,52
1249,52
1260,52
1262,52
1269,52
1282,52
1304,52
1310,52
1334,52
1399,52
19,53
19,54
20,55
799,56
764,56
763,56
327,56
191,56
179,56
20,56
20,57
4023,58
3970,58
3512,58
3452,58
3050,58
931,58
845,58
670,58
535,58
220,58
21,58
2868,59
2726,59
2701,59
2598,59
2550,59
2549,59
2535,59
2470,59
2391,59
2390,59
2389,59
2388,59
2313,59
2281,59
2067,59
2024,59
1968,59
1847,59
1846,59
1839,59
1830,59
1766,59
1737,59
1734,59
1686,59
1671,59
1668,59
1629,59
1455,59
1358,59
1132,59
1129,59
989,59
838,59
833,59
708,59
687,59
665,59
529,59
513,59
440,59
353,59
336,59
305,59
66,59
64,59
21,59
2868,60
2723,60
2590,60
2549,60
2538,60
2535,60
2473,60
2470,60
2389,60
2388,60
2281,60
2171,60
2053,60
1846,60
1839,60
1837,60
1766,60
1686,60
1668,60
1663,60
1357,60
1332,60
986,60
972,60
718,60
717,60
665,60
513,60
511,60
510,60
503,60
413,60
376,60
353,60
339,60
336,60
111,60
84,60
66,60
64,60
21,60
696,61
22,61
1851,62
1655,62
1653,62
763,62
734,62
696,62
593,62
415,62
401,62
239,62
203,62
198,62
194,62
190,62
185,62
182,62
162,62
22,62
696,63
401,63
194,63
22,63
696,64
401,64
194,64
22,64
795,65
734,65
731,65
696,65
415,65
410,65
198,65
194,65
22,65
734,66
696,66
415,66
194,66
22,66
24,67
24,68
4004,69
1465,69
1462,69
752,69
750,69
442,69
25,69
4004,70
3789,70
3591,70
2994,70
2976,70
1477,70
1473,70
1472,70
1467,70
1465,70
971,70
941,70
916,70
914,70
889,70
849,70
848,70
847,70
846,70
844,70
841,70
806,70
752,70
749,70
675,70
666,70
442,70
386,70
82,70
28,70
25,70
4004,71
3932,71
3766,71
3464,71
3135,71
983,71
981,71
952,71
945,71
859,71
857,71
848,71
847,71
844,71
673,71
496,71
480,71
479,71
478,71
214,71
26,71
25,71
847,72
2878,72
2832,72
2830,72
2828,72
2826,72
2807,72
2806,72
2797,72
2796,72
2794,72
2757,72
2725,72
2708,72
2707,72
2706,72
2702,72
2680,72
2652,72
2649,72
2632,72
2609,72
2585,72
2552,72
2528,72
2525,72
2522,72
2448,72
2439,72
2432,72
2421,72
2384,72
2372,72
2368,72
2362,72
2360,72
2330,72
2303,72
2287,72
2285,72
2272,72
2266,72
2265,72
2261,72
2259,72
2204,72
2191,72
2153,72
2152,72
2151,72
2133,72
2086,72
2051,72
1965,72
1964,72
1962,72
1945,72
1929,72
1863,72
1814,72
1799,72
1788,72
1786,72
1749,72
1718,72
1699,72
1602,72
1576,72
1565,72
1535,72
1530,72
1500,72
1476,72
1472,72
1469,72
1467,72
1466,72
1465,72
1443,72
1421,72
1397,72
1371,72
1370,72
1369,72
1353,72
1340,72
1331,72
1330,72
1285,72
1276,72
1249,72
1244,72
1229,72
1206,72
1200,72
1199,72
1197,72
1195,72
1036,72
1026,72
979,72
965,72
964,72
963,72
962,72
956,72
955,72
952,72
948,72
947,72
944,72
942,72
940,72
939,72
925,72
917,72
896,72
891,72
866,72
857,72
848,72
26,72
27,72
28,72
30,72
39,72
43,72
69,72
83,72
85,72
87,72
95,72
103,72
124,72
140,72
171,72
173,72
176,72
207,72
213,72
276,72
345,72
409,72
420,72
426,72
427,72
442,72
443,72
450,72
526,72
580,72
601,72
602,72
623,72
624,72
626,72
628,72
629,72
630,72
631,72
634,72
636,72
643,72
775,72
787,72
812,72
840,72
841,72
843,72
845,72
846,72
4008,73
3534,73
538,73
26,73
2794,74
2525,74
2522,74
2368,74
2360,74
2051,74
1863,74
1699,74
1466,74
1331,74
1330,74
1026,74
917,74
896,74
866,74
846,74
840,74
630,74
620,74
103,74
27,74
2794,75
2707,75
2680,75
2522,75
2303,75
2259,75
2051,75
1962,75
1863,75
1799,75
1788,75
1565,75
1331,75
948,75
896,75
866,75
846,75
841,75
840,75
629,75
628,75
103,75
87,75
83,75
27,75
1699,76
1500,76
1206,76
916,76
28,76
591,77
28,77
2878,78
2769,78
2768,78
2757,78
2708,78
2443,78
2440,78
2372,78
2302,78
2256,78
2154,78
1963,78
1962,78
1467,78
1465,78
1371,78
1340,78
981,78
971,78
917,78
916,78
889,78
752,78
548,78
447,78
446,78
442,78
387,78
273,78
83,78
82,78
28,78
3466,79
3213,79
964,79
956,79
426,79
175,79
28,79
3722,80
3120,80
1382,80
1352,80
1351,80
591,80
451,80
397,80
317,80
316,80
28,80
2707,81
1555,81
1466,81
809,81
808,81
806,81
769,81
642,81
636,81
628,81
29,81
1731,82
1730,82
1619,82
1555,82
1276,82
866,82
769,82
634,82
633,82
275,82
29,82
2800,83
2709,83
2707,83
2706,83
2579,83
2303,83
2302,83
2301,83
1961,83
890,83
808,83
806,83
769,83
643,83
642,83
633,83
631,83
628,83
335,83
274,83
29,83
2055,84
2878,84
2807,84
2806,84
2796,84
2757,84
2708,84
2707,84
2676,84
2670,84
2372,84
2303,84
2302,84
2261,84
29,84
83,84
86,84
103,84
141,84
213,84
248,84
273,84
275,84
296,84
334,84
335,84
442,84
480,84
547,84
548,84
558,84
580,84
629,84
631,84
634,84
840,84
848,84
885,84
886,84
887,84
888,84
889,84
891,84
917,84
940,84
941,84
942,84
947,84
951,84
1058,84
1204,84
1276,84
1465,84
1466,84
1467,84
1529,84
1555,84
1602,84
1814,84
1928,84
1962,84
1963,84
1964,84
1965,84
3906,85
946,85
810,85
808,85
736,85
643,85
642,85
634,85
633,85
629,85
628,85
547,85
480,85
248,85
246,85
177,85
69,85
29,85
4097,86
3328,86
2983,86
1928,86
1601,86
614,86
173,86
29,86
4018,87
3819,87
3748,87
3346,87
2439,87
2360,87
2152,87
2051,87
1962,87
1500,87
1466,87
1465,87
1206,87
1197,87
925,87
917,87
631,87
580,87
335,87
29,87
2878,88
2806,88
2205,88
1793,88
1790,88
1373,88
891,88
866,88
631,88
502,88
388,88
275,88
57,88
29,88
2874,89
2055,89
1731,89
1555,89
979,89
808,89
642,89
633,89
275,89
29,89
30,90
30,91
3901,92
3207,92
3091,92
893,92
214,92
30,92
3966,93
3956,93
1356,93
888,93
811,93
614,93
559,93
528,93
518,93
516,93
485,93
362,93
73,93
30,93
4088,94
4035,94
4023,94
3970,94
3901,94
3821,94
3686,94
3681,94
3676,94
3662,94
3639,94
3481,94
3467,94
3452,94
3442,94
3337,94
3193,94
3114,94
3091,94
3072,94
3035,94
3032,94
2896,94
620,94
445,94
127,94
32,94
31,94
2520,95
2692,95
2648,95
2621,95
2589,95
31,95
226,95
471,95
905,95
1017,95
1096,95
1098,95
1099,95
1101,95
1154,95
1194,95
1240,95
1295,95
1312,95
1319,95
1324,95
1344,95
1398,95
1426,95
1500,95
1501,95
1502,95
1503,95
1621,95
1647,95
1666,95
1677,95
1758,95
1783,95
1823,95
1873,95
1879,95
1885,95
1904,95
1994,95
2032,95
2039,95
2040,95
2072,95
2148,95
2193,95
2227,95
2269,95
2278,95
2279,95
2339,95
2368,95
2486,95
2515,95
2518,95
2859,96
2852,96
2844,96
2740,96
2595,96
2593,96
2331,96
2103,96
2096,96
1486,96
1482,96
1440,96
1274,96
1103,96
1054,96
969,96
966,96
907,96
793,96
574,96
307,96
117,96
32,96
3680,97
3032,97
32,97
3680,98
3032,98
32,98
1953,99
32,99
1953,100
32,100
1953,101
32,101
853,102
204,102
38,102
35,102
36,103
2871,104
2868,104
2866,104
2861,104
2758,104
2751,104
2745,104
2744,104
2735,104
2713,104
2607,104
2401,104
1852,104
1608,104
1540,104
1447,104
1357,104
1005,104
930,104
926,104
852,104
837,104
768,104
714,104
710,104
680,104
650,104
649,104
551,104
536,104
503,104
458,104
376,104
355,104
346,104
298,104
148,104
111,104
52,104
36,104
37,105
1716,106
37,106
2820,107
2723,107
2521,107
2388,107
2168,107
1853,107
1839,107
1668,107
1629,107
1599,107
1484,107
1350,107
1216,107
511,107
38,107
2611,108
2598,108
2590,108
2550,108
2538,108
2473,108
2470,108
2390,108
2389,108
2388,108
2281,108
2053,108
1846,108
1839,108
1737,108
1734,108
1686,108
1668,108
1663,108
1629,108
1599,108
1551,108
1484,108
1455,108
1358,108
989,108
665,108
529,108
353,108
336,108
38,108
2868,109
2473,109
2471,109
2470,109
2390,109
2389,109
2388,109
1968,109
1839,109
1837,109
1766,109
1734,109
1686,109
1671,109
1551,109
1455,109
995,109
989,109
986,109
718,109
665,109
529,109
513,109
440,109
353,109
339,109
336,109
269,109
111,109
66,109
38,109
2726,110
2723,110
2611,110
2598,110
2595,110
2590,110
2550,110
2538,110
2535,110
2473,110
2470,110
2390,110
2281,110
2053,110
2024,110
1968,110
1847,110
1846,110
1839,110
1766,110
1737,110
1734,110
1686,110
1663,110
1629,110
1599,110
1551,110
1484,110
1455,110
1358,110
1332,110
989,110
987,110
665,110
529,110
353,110
336,110
38,110
2689,111
333,111
331,111
42,111
41,111
40,111
39,111
2656,112
2693,112
40,112
41,112
110,112
220,112
280,112
459,112
563,112
692,112
897,112
898,112
935,112
936,112
943,112
944,112
951,112
952,112
953,112
954,112
959,112
961,112
1042,112
1068,112
1070,112
1072,112
1091,112
1096,112
1160,112
1299,112
1343,112
1397,112
1442,112
1451,112
1452,112
1453,112
1588,112
1634,112
1872,112
1881,112
2016,112
2029,112
2089,112
2091,112
2243,112
2330,112
2347,112
2362,112
2402,112
2527,112
2630,112
2632,112
705,113
41,113
4083,114
4071,114
3841,114
3496,114
95,114
41,114
2851,115
2836,115
2770,115
2724,115
2638,115
2494,115
2455,115
2250,115
2171,115
2077,115
2053,115
1698,115
1543,115
1528,115
1332,115
792,115
720,115
718,115
670,115
603,115
553,115
540,115
529,115
503,115
497,115
495,115
475,115
474,115
473,115
455,115
452,115
439,115
302,115
270,115
265,115
219,115
200,115
190,115
155,115
152,115
77,115
68,115
67,115
55,115
44,115
3026,116
975,116
783,116
756,116
738,116
690,116
560,116
224,116
102,116
46,116
3985,117
3940,117
3717,117
3040,117
977,117
689,117
468,117
46,117
492,118
321,118
47,118
48,119
2815,120
2791,120
2789,120
2775,120
2608,120
2530,120
2508,120
2438,120
2194,120
2120,120
1932,120
1655,120
1605,120
1245,120
1185,120
1106,120
532,120
177,120
174,120
48,120
2815,121
2772,121
2753,121
2264,121
2262,121
1382,121
988,121
573,121
433,121
422,121
238,121
129,121
48,121
3840,122
929,122
853,122
651,122
611,122
551,122
508,122
283,122
161,122
153,122
122,122
51,122
2860,123
2494,123
2297,123
2056,123
787,123
258,123
51,123
106,124
55,124
1471,125
1381,125
998,125
996,125
990,125
988,125
987,125
966,125
815,125
814,125
800,125
793,125
775,125
553,125
550,125
507,125
453,125
452,125
374,125
370,125
340,125
324,125
149,125
120,125
118,125
106,125
71,125
67,125
55,125
996,126
988,126
324,126
55,126
2399,127
1102,127
1048,127
1000,127
191,127
55,127
1445,128
718,128
270,128
55,128
2844,129
2520,129
2519,129
2517,129
2472,129
2429,129
2405,129
2383,129
2106,129
2105,129
2045,129
2043,129
2041,129
2013,129
1955,129
1949,129
1922,129
1920,129
1914,129
1913,129
1912,129
1886,129
1783,129
1685,129
1662,129
1628,129
1622,129
1585,129
1556,129
1502,129
1501,129
1344,129
1295,129
1095,129
960,129
959,129
953,129
950,129
936,129
441,129
234,129
225,129
63,129
62,129
60,129
56,129
3676,130
3481,130
1467,130
893,130
892,130
876,130
748,130
57,130
1012,131
429,131
61,131
4010,132
3992,132
3906,132
3428,132
2976,132
1373,132
1360,132
982,132
915,132
849,132
848,132
847,132
846,132
845,132
842,132
841,132
812,132
691,132
675,132
643,132
630,132
616,132
546,132
545,132
482,132
446,132
212,132
197,132
172,132
97,132
85,132
83,132
61,132
3618,133
4097,133
4067,133
4027,133
4013,133
4012,133
4007,133
3931,133
3907,133
3900,133
3861,133
3841,133
3774,133
3752,133
3747,133
3679,133
3673,133
61,133
130,133
132,133
134,133
135,133
136,133
137,133
139,133
220,133
221,133
222,133
223,133
246,133
317,133
397,133
398,133
399,133
417,133
418,133
420,133
422,133
492,133
641,133
655,133
739,133
878,133
909,133
938,133
951,133
959,133
1159,133
2920,133
3041,133
3044,133
3072,133
3095,133
3113,133
3133,133
3162,133
3209,133
3233,133
3251,133
3264,133
3294,133
3306,133
3314,133
3434,133
3523,133
3529,133
3594,133
630,134
429,134
61,134
64,135
65,136
66,137
4073,138
3956,138
3728,138
3164,138
409,138
127,138
125,138
70,138
68,138
67,138
4076,139
4059,139
3459,139
3066,139
719,139
409,139
127,139
125,139
76,139
70,139
68,139
67,139
671,140
69,140
977,141
671,141
669,141
69,141
71,142
72,143
888,144
73,144
3809,145
816,145
675,145
491,145
347,145
317,145
75,145
76,146
79,147
4070,148
4067,148
3966,148
3669,148
3611,148
3402,148
3164,148
759,148
738,148
692,148
521,148
502,148
495,148
388,148
362,148
350,148
349,148
342,148
129,148
102,148
100,148
94,148
81,148
3710,149
4086,149
4023,149
4014,149
4004,149
3932,149
3774,149
82,149
104,149
112,149
157,149
159,149
221,149
224,149
316,149
324,149
326,149
486,149
505,149
518,149
553,149
565,149
581,149
582,149
584,149
586,149
636,149
637,149
638,149
642,149
643,149
674,149
691,149
704,149
769,149
804,149
805,149
806,149
807,149
808,149
809,149
810,149
963,149
985,149
1003,149
1461,149
1468,149
1470,149
2917,149
3101,149
3111,149
3223,149
3242,149
3403,149
3464,149
3512,149
3585,149
3906,150
3880,150
3845,150
3691,150
3175,150
1461,150
1355,150
977,150
975,150
904,150
903,150
902,150
805,150
769,150
752,150
628,150
610,150
591,150
502,150
499,150
246,150
221,150
210,150
92,150
86,150
83,150
82,150
4023,151
4014,151
3932,151
3821,151
3710,151
3585,151
3512,151
3464,151
3403,151
3242,151
3193,151
3111,151
3101,151
963,151
807,151
805,151
691,151
674,151
638,151
636,151
584,151
582,151
505,151
112,151
82,151
2769,152
2682,152
2443,152
2372,152
2256,152
2153,152
1929,152
1755,152
1473,152
1472,152
1465,152
1195,152
971,152
916,152
889,152
752,152
749,152
676,152
626,152
482,152
481,152
447,152
446,152
363,152
273,152
259,152
212,152
83,152
2757,153
2443,153
2440,153
1755,153
1473,153
1370,153
971,153
889,153
752,153
447,153
446,153
83,153
4010,154
1470,154
1463,154
846,154
642,154
83,154
84,155
2442,156
613,156
85,156
86,157
980,158
951,158
949,158
948,158
947,158
942,158
940,158
919,158
859,158
856,158
849,158
845,158
841,158
840,158
548,158
490,158
210,158
87,158
1294,159
916,159
631,159
87,159
2765,160
2458,160
2284,160
2132,160
1791,160
848,160
88,160
3781,161
3748,161
3635,161
3496,161
3459,161
3236,161
3184,161
1463,161
983,161
981,161
980,161
957,161
917,161
915,161
896,161
857,161
817,161
813,161
620,161
495,161
479,161
478,161
477,161
449,161
95,161
88,161
2794,162
2261,162
2126,162
1965,162
1791,162
1790,162
848,162
657,162
601,162
563,162
88,162
2158,163
468,163
258,163
253,163
122,163
89,163
89,164
2651,165
2134,165
810,165
500,165
92,165
2870,166
969,166
113,166
94,166
3210,167
1023,167
903,167
791,167
672,167
607,167
96,167
2847,168
2846,168
2805,168
2803,168
2798,168
2682,168
2681,168
2314,168
2150,168
2125,168
1967,168
1966,168
1960,168
1959,168
1958,168
1725,168
1724,168
1723,168
1618,168
1333,168
1195,168
982,168
916,168
915,168
914,168
776,168
728,168
727,168
726,168
673,168
625,168
624,168
622,168
482,168
481,168
479,168
478,168
477,168
449,168
448,168
386,168
212,168
97,168
2774,169
98,169
100,170
101,171
101,172
2929,173
387,173
102,173
2824,174
2762,174
2737,174
2721,174
2651,174
2559,174
2553,174
2343,174
2342,174
2244,174
2229,174
1527,174
1458,174
1383,174
882,174
775,174
609,174
377,174
375,174
140,174
102,174
2794,175
2680,175
2670,175
2261,175
2126,175
1965,175
1964,175
1962,175
1928,175
1924,175
1466,175
1465,175
1330,175
1276,175
1204,175
951,175
947,175
942,175
941,175
940,175
917,175
888,175
887,175
886,175
885,175
848,175
666,175
634,175
631,175
629,175
610,175
580,175
558,175
548,175
427,175
334,175
296,175
213,175
208,175
141,175
103,175
2943,176
787,176
751,176
610,176
496,176
129,176
110,176
103,176
4004,177
985,177
810,177
809,177
805,177
637,177
585,177
324,177
104,177
4070,178
3922,178
3905,178
3828,178
3610,178
3527,178
1381,178
998,178
996,178
987,178
324,178
106,178
112,179
2884,180
2857,180
1728,180
112,180
112,181
112,182
112,183
112,184
2884,185
112,185
2886,186
2885,186
2884,186
112,186
2886,187
2885,187
2884,187
2857,187
2795,187
1733,187
1661,187
895,187
893,187
809,187
805,187
638,187
636,187
582,187
505,187
496,187
124,187
112,187
113,188
540,189
200,189
167,189
162,189
155,189
113,189
113,190
114,191
800,192
114,192
205,193
115,193
115,194
198,195
116,195
2465,196
116,196
1935,197
1012,197
116,197
116,198
116,199
1475,200
1010,200
116,200
236,201
116,201
116,202
117,203
3512,204
3283,204
574,204
139,204
134,204
117,204
118,205
118,206
120,207
3866,208
3660,208
3866,208
865,208
864,208
444,208
121,208
3866,209
3843,209
3660,209
3866,209
865,209
864,209
862,209
791,209
704,209
121,209
122,210
455,211
122,211
3897,212
3777,212
3426,212
2802,212
2753,212
2747,212
2309,212
1658,212
1441,212
1384,212
1202,212
836,212
832,212
828,212
707,212
651,212
306,212
151,212
122,212
124,213
809,214
638,214
124,214
2886,215
2885,215
2884,215
2857,215
1733,215
1661,215
895,215
893,215
496,215
124,215
2886,216
2885,216
2884,216
2857,216
1733,216
1728,216
895,216
893,216
496,216
124,216
126,217
128,218
1842,219
2731,219
2663,219
2655,219
2645,219
2643,219
2584,219
2580,219
2491,219
2488,219
2416,219
2331,219
2066,219
2020,219
2016,219
2010,219
1976,219
1971,219
1943,219
1858,219
136,219
178,219
195,219
244,219
267,219
284,219
402,219
433,219
435,219
471,219
579,219
593,219
595,219
596,219
737,219
744,219
814,219
861,219
898,219
919,219
1015,219
1016,219
1018,219
1023,219
1028,219
1033,219
1053,219
1142,219
1145,219
1147,219
1175,219
1176,219
1246,219
1247,219
1321,219
1363,219
1391,219
1419,219
1457,219
1557,219
1604,219
1694,219
1757,219
1763,219
1772,219
1774,219
1802,219
1803,219
1813,219
1820,219
3220,220
137,220
886,221
427,221
334,221
141,221
141,222
141,223
141,224
141,225
2666,226
2134,226
1964,226
1924,226
1375,226
886,226
692,226
558,226
334,226
277,226
213,226
208,226
141,226
1964,227
947,227
427,227
208,227
141,227
2670,228
2666,228
2285,228
1964,228
1924,228
1555,228
1375,228
1276,228
947,228
942,228
888,228
886,228
558,228
427,228
334,228
213,228
208,228
141,228
1964,229
886,229
558,229
334,229
208,229
141,229
2868,230
2866,230
2533,230
2532,230
2473,230
2280,230
1686,230
995,230
987,230
986,230
718,230
346,230
270,230
219,230
142,230
2868,231
2866,231
2532,231
2473,231
995,231
984,231
718,231
346,231
219,231
142,231
142,232
912,233
143,233
3809,234
1003,234
704,234
583,234
568,234
316,234
224,234
144,234
3916,235
3328,235
3243,235
3043,235
1349,235
1002,235
931,235
918,235
917,235
907,235
844,235
813,235
811,235
791,235
786,235
779,235
778,235
777,235
753,235
741,235
690,235
689,235
688,235
635,235
611,235
500,235
441,235
440,235
439,235
382,235
358,235
343,235
335,235
334,235
161,235
144,235
144,236
241,237
146,237
534,238
241,238
147,238
147,239
149,240
3861,241
3213,241
2971,241
2952,241
2933,241
990,241
988,241
771,241
378,241
155,241
149,241
2328,242
2321,242
1527,242
1448,242
1445,242
1216,242
540,242
200,242
149,242
1448,243
937,243
663,243
540,243
270,243
149,243
2836,244
2647,244
2545,244
2328,244
2323,244
2295,244
1854,244
1851,244
1543,244
1527,244
937,244
720,244
600,244
540,244
475,244
399,244
324,244
270,244
200,244
155,244
149,244
2713,245
2328,245
2323,245
2160,245
1527,245
1524,245
1445,245
826,245
718,245
603,245
475,245
428,245
298,245
278,245
270,245
200,245
149,245
2328,246
1719,246
1673,246
1527,246
1524,246
1445,246
826,246
270,246
149,246
151,247
152,248
152,249
200,250
155,250
1855,251
1698,251
700,251
155,251
155,252
155,253
155,254
156,255
156,256
159,257
156,257
3223,258
157,258
157,259
3748,260
3635,260
3591,260
3496,260
3135,260
3091,260
2994,260
1355,260
982,260
917,260
916,260
915,260
914,260
896,260
813,260
752,260
726,260
673,260
625,260
624,260
622,260
621,260
620,260
482,260
481,260
479,260
478,260
477,260
460,260
448,260
447,260
386,260
361,260
212,260
159,260
157,260
157,261
343,262
170,262
159,262
157,262
3278,263
718,263
530,263
158,263
158,264
161,265
160,265
2605,266
1428,266
707,266
161,266
3877,267
3475,267
789,267
651,267
509,267
508,267
501,267
406,267
345,267
161,267
161,268
3677,269
1458,269
1345,269
754,269
693,269
592,269
534,269
515,269
241,269
163,269
3568,270
165,270
1968,271
1663,271
1448,271
1272,271
1257,271
717,271
537,271
166,271
2020,272
166,272
167,273
723,274
216,274
169,274
168,274
3169,275
3135,275
634,275
610,275
387,275
213,275
176,275
173,275
171,275
1464,276
907,276
861,276
402,276
172,276
982,277
980,277
774,277
625,277
623,277
622,277
172,277
2830,278
2806,278
2727,278
2301,278
1863,278
750,278
675,278
172,278
890,279
752,279
750,279
749,279
223,279
221,279
172,279
2873,280
2872,280
2826,280
2585,280
2466,280
2465,280
2301,280
2267,280
1926,280
1863,280
1478,280
1477,280
1476,280
1475,280
1474,280
1012,280
1010,280
528,280
527,280
526,280
525,280
522,280
172,280
1330,281
888,281
887,281
840,281
580,281
176,281
2712,282
2690,282
2504,282
2493,282
2438,282
2425,282
2284,282
1787,282
1765,282
1759,282
1740,282
1430,282
1317,282
1139,282
1114,282
1080,282
1078,282
1007,282
177,282
2792,283
2791,283
2789,283
2704,283
2568,283
2557,283
2486,283
2382,283
2368,283
2269,283
2224,283
2148,283
2036,283
2015,283
1979,283
1977,283
1955,283
1908,283
1888,283
1885,283
1879,283
1827,283
1825,283
1823,283
1783,283
1765,283
1621,283
1520,283
1502,283
1501,283
1500,283
1430,283
1426,283
1401,283
1398,283
1319,283
1240,283
1101,283
1099,283
1098,283
1096,283
1079,283
1078,283
1017,283
1009,283
314,283
272,283
232,283
226,283
177,283
180,284
2853,285
2750,285
2651,285
2130,285
1680,285
875,285
833,285
825,285
779,285
687,285
682,285
306,285
254,285
181,285
2873,286
2711,286
2268,286
2267,286
2258,286
1935,286
1475,286
1010,286
639,286
524,286
209,286
203,286
198,286
184,286
185,287
185,288
187,289
188,290
189,291
566,292
191,292
1102,293
191,293
999,294
260,294
192,294
2072,295
1432,295
360,295
195,295
196,296
196,297
1468,298
591,298
197,298
765,299
197,299
199,300
200,301
201,302
697,303
203,303
203,304
327,305
203,305
204,306
207,307
1924,308
558,308
208,308
2666,309
2134,309
1964,309
1924,309
888,309
886,309
885,309
558,309
334,309
296,309
277,309
213,309
208,309
886,310
558,310
334,310
208,310
3282,311
1469,311
1011,311
773,311
613,311
527,311
523,311
209,311
1755,312
1333,312
212,312
2847,313
2846,313
2803,313
2682,313
2681,313
2314,313
2125,313
1967,313
1966,313
1960,313
1959,313
1958,313
1725,313
1724,313
1723,313
1333,313
982,313
915,313
914,313
776,313
727,313
726,313
673,313
625,313
622,313
481,313
478,313
477,313
449,313
212,313
2846,314
2847,314
212,314
310,314
363,314
364,314
386,314
448,314
449,314
477,314
478,314
479,314
481,314
622,314
624,314
625,314
673,314
674,314
726,314
727,314
728,314
776,314
914,314
915,314
982,314
1174,314
1211,314
1296,314
1333,314
1618,314
1723,314
1724,314
1725,314
1726,314
1755,314
1958,314
1959,314
1960,314
1966,314
1967,314
2125,314
2150,314
2263,314
2289,314
2314,314
2667,314
2681,314
2682,314
2764,314
2798,314
2803,314
2805,314
386,315
212,315
1959,316
1725,316
212,316
676,317
626,317
363,317
212,317
2443,318
1755,318
386,318
212,318
2680,319
2522,319
2441,319
2421,319
2360,319
2265,319
2191,319
2152,319
2079,319
2051,319
1602,319
1500,319
1466,319
1331,319
1330,319
917,319
629,319
620,319
213,319
2828,320
214,320
2261,321
214,321
1464,322
414,322
216,322
216,323
2865,324
2820,324
2748,324
2743,324
2480,324
2392,324
2389,324
2237,324
1737,324
1350,324
973,324
838,324
832,324
828,324
513,324
511,324
217,324
219,325
218,325
217,325
2820,326
2743,326
2499,326
2480,326
2473,326
2392,326
2389,326
2237,326
2085,326
1846,326
1737,326
1350,326
838,326
832,326
828,326
718,326
665,326
513,326
512,326
511,326
219,326
2347,327
1927,327
1897,327
1709,327
1204,327
1042,327
954,327
949,327
614,327
485,327
278,327
220,327
619,328
222,328
2886,329
2885,329
2884,329
2158,329
1755,329
1516,329
1513,329
496,329
386,329
222,329
223,330
3875,331
3789,331
3034,331
1458,331
1386,331
592,331
539,331
517,331
224,331
235,332
240,333
240,334
485,335
240,335
3866,336
3843,336
3866,336
1385,336
1380,336
1356,336
939,336
614,336
612,336
521,336
520,336
519,336
515,336
485,336
247,336
240,336
240,337
2252,338
1928,338
1901,338
1497,338
1135,338
1133,338
614,338
612,338
485,338
251,338
247,338
240,338
241,339
839,340
241,340
243,341
243,342
243,343
968,344
243,344
243,345
244,346
480,347
244,347
245,348
632,349
610,349
507,349
502,349
246,349
251,350
247,350
2018,351
247,351
1497,352
247,352
1133,353
251,353
247,353
2674,354
2672,354
1530,354
1414,354
1268,354
1151,354
657,354
601,354
248,354
1793,355
1790,355
1731,355
1373,355
633,355
248,355
249,356
2660,357
2602,357
2567,357
2482,357
2423,357
2378,357
2368,357
2284,357
2276,357
2224,357
2211,357
2132,357
2085,357
2084,357
1988,357
1971,357
1889,357
1805,357
1803,357
1801,357
1793,357
1792,357
1786,357
1780,357
1765,357
1749,357
1740,357
1708,357
1430,357
1326,357
1304,357
1230,357
1183,357
1143,357
1043,357
1007,357
908,357
906,357
659,357
461,357
249,357
251,358
251,359
2784,360
2554,360
2481,360
2327,360
2316,360
2290,360
2287,360
2202,360
2200,360
2090,360
2070,360
2065,360
1807,360
1777,360
1696,360
1695,360
1614,360
1613,360
1612,360
1611,360
1595,360
1594,360
1519,360
1429,360
1395,360
1339,360
1338,360
1337,360
1336,360
1335,360
1131,360
1057,360
865,360
864,360
704,360
703,360
612,360
520,360
300,360
251,360
258,361
258,362
2842,363
1800,363
787,363
420,363
258,363
260,364
2708,365
2670,365
2443,365
2154,365
1814,365
1465,365
971,365
273,365
2747,366
2253,366
1633,366
1384,366
1202,366
278,366
278,367
278,368
1202,369
278,369
278,370
278,371
2777,372
2775,372
2774,372
2772,372
1500,372
730,372
278,372
279,373
932,374
817,374
649,374
286,374
279,374
279,375
287,376
286,376
279,376
279,377
280,378
282,379
534,380
483,380
283,380
2468,381
2352,381
2304,381
1657,381
1516,381
1458,381
534,381
483,381
284,381
284,382
284,383
2312,384
1169,384
1149,384
1148,384
956,384
286,384
3175,385
293,385
293,386
293,387
2794,388
2458,388
2257,388
2132,388
2126,388
1945,388
1861,388
1807,388
981,388
980,388
952,388
859,388
857,388
848,388
657,388
480,388
295,388
2832,389
2828,389
2303,389
2261,389
1602,389
1529,389
948,389
848,389
548,389
299,389
300,390
2454,391
2202,391
1275,391
300,391
2454,392
2327,392
2322,392
1614,392
1613,392
1612,392
1611,392
300,392
1688,393
1687,393
1634,393
1516,393
1327,393
301,393
2598,394
2592,394
2590,394
2550,394
2470,394
2053,394
1846,394
1839,394
1737,394
1734,394
1668,394
1663,394
1629,394
1599,394
1484,394
1084,394
995,394
989,394
529,394
513,394
353,394
336,394
305,394
2158,395
1611,395
783,395
308,395
2805,396
2681,396
1960,396
1958,396
1723,396
915,396
914,396
625,396
310,396
2805,397
2681,397
1958,397
1723,397
310,397
2805,398
1966,398
1958,398
625,398
310,398
2805,399
2681,399
1958,399
1723,399
310,399
2805,400
2681,400
1966,400
1960,400
1958,400
1723,400
915,400
914,400
625,400
310,400
2681,401
1966,401
915,401
625,401
310,401
1959,402
310,402
2805,403
2681,403
1966,403
1958,403
1723,403
625,403
310,403
1764,404
2792,404
2791,404
2790,404
2789,404
2712,404
2687,404
2678,404
2655,404
2511,404
2508,404
2504,404
2502,404
2501,404
2498,404
2497,404
2495,404
2436,404
2435,404
2426,404
2425,404
2422,404
2420,404
2419,404
2369,404
2367,404
2340,404
2273,404
2212,404
2035,404
2008,404
2007,404
1985,404
1982,404
1981,404
1794,404
1786,404
315,404
462,404
463,404
464,404
660,404
662,404
1014,404
1031,404
1074,404
1077,404
1081,404
1092,404
1106,404
1111,404
1113,404
1120,404
1122,404
1123,404
1140,404
1141,404
1144,404
1150,404
1181,404
1183,404
1184,404
1185,404
1186,404
1209,404
1218,404
1221,404
1223,404
1230,404
1232,404
1245,404
1261,404
1262,404
1282,404
1284,404
1392,404
1406,404
1498,404
1501,404
1583,404
1605,404
1606,404
1607,404
1616,404
1665,404
1694,404
1763,404
316,405
1449,406
1003,406
316,406
316,407
316,408
1557,409
1449,409
1003,409
635,409
316,409
317,410
319,411
2572,412
1571,412
605,412
492,412
321,412
2817,413
321,413
323,414
325,415
326,416
327,417
327,418
327,419
327,420
327,421
327,422
327,423
327,424
934,425
701,425
681,425
564,425
327,425
327,426
3483,427
909,427
329,427
3483,428
329,428
329,429
554,430
330,430
1812,431
2690,431
2665,431
2658,431
2656,431
2655,431
2639,431
2621,431
2618,431
2617,431
2584,431
2580,431
2528,431
2513,431
2511,431
2491,431
2490,431
2488,431
2486,431
2425,431
2418,431
2417,431
2416,431
2341,431
2255,431
2253,431
2236,431
2173,431
2148,431
2144,431
2086,431
2046,431
2008,431
1991,431
1986,431
1976,431
1971,431
1858,431
1813,431
332,431
471,431
660,431
898,431
946,431
1007,431
1043,431
1064,431
1073,431
1075,431
1077,431
1080,431
1097,431
1098,431
1099,431
1100,431
1101,431
1110,431
1111,431
1112,431
1117,431
1120,431
1158,431
1175,431
1177,431
1179,431
1235,431
1240,431
1246,431
1263,431
1295,431
1311,431
1314,431
1317,431
1320,431
1321,431
1603,431
1604,431
1607,431
1625,431
1627,431
1628,431
1691,431
1694,431
1757,431
1798,431
1803,431
1804,431
1809,431
1811,431
334,432
336,433
337,434
3866,435
3866,435
865,435
864,435
863,435
862,435
791,435
704,435
337,435
338,436
338,437
339,438
452,439
340,439
1474,440
1466,440
813,440
748,440
740,440
674,440
486,440
344,440
346,441
349,442
349,443
2814,444
2810,444
2761,444
2745,444
2744,444
2313,444
2170,444
1682,444
974,444
871,444
830,444
827,444
766,444
713,444
709,444
543,444
458,444
356,444
355,444
1174,445
364,445
955,446
364,446
1584,447
2712,447
2691,447
2687,447
2648,447
2618,447
2612,447
2592,447
2584,447
2520,447
2513,447
2512,447
2504,447
2498,447
2490,447
2486,447
2464,447
2448,447
2435,447
2434,447
2425,447
2424,447
2423,447
2421,447
2418,447
2417,447
2416,447
2412,447
2411,447
2410,447
2409,447
2386,447
2384,447
2378,447
2347,447
2340,447
2338,447
2279,447
2273,447
2224,447
2223,447
2212,447
2206,447
2204,447
2191,447
2157,447
2144,447
2140,447
2139,447
2138,447
2036,447
2035,447
2015,447
2008,447
2007,447
2005,447
1985,447
1979,447
1976,447
1973,447
1920,447
1905,447
1895,447
1888,447
1858,447
1823,447
1822,447
1816,447
1815,447
1813,447
1809,447
1797,447
1794,447
1787,447
1786,447
1765,447
1764,447
1761,447
1747,447
1744,447
1742,447
1739,447
1694,447
1693,447
1690,447
1689,447
1666,447
1630,447
1622,447
1607,447
1605,447
1604,447
1603,447
1590,447
1586,447
365,447
484,447
627,447
641,447
659,447
660,447
1007,447
1008,447
1016,447
1017,447
1019,447
1028,447
1031,447
1034,447
1043,447
1070,447
1074,447
1075,447
1078,447
1080,447
1092,447
1094,447
1101,447
1107,447
1110,447
1111,447
1113,447
1117,447
1120,447
1121,447
1159,447
1177,447
1184,447
1189,447
1203,447
1221,447
1246,447
1254,447
1279,447
1280,447
1281,447
1295,447
1311,447
1312,447
1317,447
1398,447
1430,447
1503,447
1538,447
1583,447
366,448
2524,449
2704,449
2679,449
2631,449
2618,449
2604,449
368,449
570,449
656,449
938,449
1030,449
1046,449
1094,449
1147,449
1179,449
1202,449
1216,449
1226,449
1231,449
1235,449
1249,449
1260,449
1262,449
1291,449
1326,449
1400,449
1417,449
1421,449
1489,449
1522,449
1606,449
1630,449
1677,449
1678,449
1699,449
1772,449
1826,449
1840,449
1868,449
1942,449
1976,449
1979,449
1981,449
1998,449
2001,449
2016,449
2103,449
2147,449
2230,449
2431,449
2495,449
2496,449
2497,449
2498,449
2507,449
2521,449
3208,450
793,450
771,450
723,450
398,450
372,450
372,451
775,452
374,452
2878,453
2820,453
2747,453
2480,453
2391,453
2168,453
1568,453
1485,453
1387,453
1350,453
1202,453
1136,453
882,453
838,453
648,453
511,453
375,453
1834,454
1675,454
1187,454
383,454
382,454
385,455
385,456
942,457
585,457
385,457
1834,458
688,458
385,458
385,459
2469,460
385,460
4010,461
3946,461
3717,461
3207,461
3040,461
2941,461
1478,461
1477,461
1476,461
1475,461
1474,461
1472,461
910,461
751,461
691,461
653,461
641,461
640,461
639,461
630,461
626,461
562,461
526,461
525,461
524,461
522,461
450,461
429,461
385,461
386,462
386,463
386,464
386,465
1755,466
386,466
1458,467
534,467
389,467
399,468
4083,469
888,469
557,469
399,469
399,470
401,471
402,472
2118,473
985,473
637,473
405,473
2858,474
2442,474
2441,474
2268,474
2258,474
1469,474
613,474
524,474
523,474
425,474
4004,475
2256,475
1462,475
1212,475
936,475
910,475
782,475
751,475
749,475
450,475
426,475
1004,476
530,476
438,476
433,476
872,477
437,477
437,478
438,479
4067,480
4012,480
3523,480
3512,480
3022,480
869,480
445,480
3850,481
856,481
446,481
1967,482
1725,482
1724,482
448,482
449,483
1478,484
1477,484
1476,484
1475,484
1472,484
630,484
450,484
782,485
450,485
782,486
450,486
474,487
450,487
4077,488
3236,488
3184,488
2525,488
2522,488
2368,488
958,488
894,488
450,488
782,489
450,489
1682,490
452,490
454,491
460,492
1232,493
1037,493
461,493
2501,494
2498,494
2407,494
2405,494
1998,494
1981,494
1260,494
470,494
471,495
1142,496
471,496
1835,497
1255,497
1021,497
472,497
1226,498
472,498
473,499
1273,500
1200,500
1011,500
477,500
2834,501
2150,501
1618,501
982,501
916,501
776,501
624,501
479,501
478,501
477,501
1618,502
776,502
479,502
477,502
477,503
2680,504
2469,504
2159,504
2126,504
1945,504
1699,504
1206,504
983,504
981,504
957,504
776,504
480,504
477,504
982,505
776,505
479,505
477,505
2159,506
1945,506
957,506
477,506
2680,507
2159,507
2126,507
1945,507
983,507
981,507
480,507
479,507
479,508
983,509
981,509
480,509
2676,510
2126,510
983,510
981,510
980,510
813,510
480,510
2765,511
2676,511
2126,511
983,511
857,511
813,511
480,511
2680,512
2159,512
1945,512
983,512
981,512
480,512
1472,513
982,513
625,513
482,513
2361,514
483,514
2361,515
483,515
485,516
614,517
485,517
4092,518
4008,518
3901,518
3821,518
3639,518
3337,518
3193,518
3092,518
3091,518
3035,518
2914,518
1478,518
876,518
691,518
542,518
541,518
488,518
2839,519
2594,519
1924,519
1353,519
1136,519
965,519
939,519
490,519
4079,520
3954,520
3918,520
3780,520
3701,520
3577,520
3489,520
3405,520
3290,520
3288,520
3247,520
3214,520
3206,520
3185,520
3093,520
2957,520
2939,520
2907,520
2792,520
2791,520
2790,520
2789,520
2694,520
2690,520
2528,520
2451,520
2434,520
2368,520
2191,520
1985,520
1645,520
1396,520
1283,520
1232,520
1230,520
1143,520
1113,520
1110,520
1077,520
1074,520
1030,520
1014,520
1013,520
1009,520
842,520
495,520
496,521
496,522
507,523
507,524
2819,525
2723,525
2592,525
2447,525
1847,525
1751,525
1552,525
1399,525
1127,525
850,525
717,525
575,525
537,525
510,525
2480,526
2388,526
511,526
833,527
511,527
2564,528
2469,528
651,528
610,528
600,528
515,528
517,529
520,530
2828,531
2585,531
1864,531
1476,531
1012,531
527,531
522,531
522,532
522,533
2585,534
2326,534
1478,534
1476,534
630,534
527,534
526,534
525,534
522,534
522,535
2873,536
2829,536
2826,536
2801,536
2268,536
2267,536
1475,536
1012,536
1010,536
523,536
2873,537
1477,537
524,537
524,538
2267,539
1475,539
524,539
2800,540
526,540
525,540
639,541
525,541
2585,542
526,542
2800,543
2326,543
1476,543
527,543
526,543
1478,544
1476,544
527,544
526,544
1478,545
1476,545
526,545
1478,546
526,546
527,547
528,548
3516,549
3317,549
3250,549
1478,549
1477,549
1476,549
1475,549
1474,549
1472,549
915,549
528,549
531,550
533,551
534,552
534,553
873,554
538,554
534,554
538,555
540,556
2308,557
775,557
540,557
542,558
2432,559
1036,559
546,559
2832,560
2765,560
2303,560
1529,560
866,560
548,560
548,561
927,562
549,562
1460,563
1459,563
1457,563
975,563
690,563
549,563
550,564
1461,565
769,565
553,565
990,566
553,566
557,567
3916,568
3849,568
3736,568
3211,568
3132,568
928,568
560,568
2784,569
2622,569
1856,569
1571,569
605,569
561,569
562,570
565,571
565,572
567,573
574,574
4076,575
579,575
1470,576
809,576
808,576
806,576
804,576
643,576
642,576
581,576
1731,577
1555,577
1276,577
634,577
584,577
586,578
592,579
596,580
595,580
601,581
602,582
605,583
1971,584
1571,584
605,584
1856,585
1571,585
605,585
2754,586
1856,586
1571,586
605,586
606,587
2469,588
610,588
2469,589
688,589
610,589
2828,590
613,590
614,591
1927,592
614,592
616,593
3673,594
641,594
618,594
3673,595
3639,595
2951,595
641,595
618,595
3215,596
785,596
619,596
4092,597
4008,597
3970,597
3882,597
3865,597
3686,597
3627,597
3534,597
3496,597
3452,597
3337,597
3092,597
2952,597
2900,597
2896,597
620,597
620,598
623,599
1960,600
1958,600
914,600
625,600
625,601
2535,602
2506,602
2230,602
2210,602
2157,602
2030,602
1996,602
1943,602
1747,602
1746,602
1743,602
1742,602
1741,602
1605,602
1576,602
1283,602
1280,602
1272,602
1236,602
1229,602
1205,602
1186,602
1096,602
1090,602
1077,602
662,602
627,602
2387,603
2338,603
1971,603
1603,603
1262,603
1043,603
1007,603
627,603
2303,604
1555,604
1276,604
643,604
634,604
628,604
1869,605
630,605
1470,606
642,606
633,606
2788,607
1731,607
633,607
1731,608
633,608
638,609
636,609
2666,610
2363,610
1861,610
1596,610
636,610
638,611
636,611
2315,612
2131,612
636,612
2795,613
638,613
636,613
1591,614
636,614
2118,615
985,615
637,615
2118,616
985,616
637,616
985,617
637,617
2795,618
638,618
1596,619
1591,619
985,619
638,619
638,620
1591,621
985,621
804,621
638,621
1662,622
639,622
642,623
642,624
642,625
650,626
650,627
650,628
2649,629
2506,629
2432,629
1990,629
1607,629
1576,629
1397,629
1283,629
1280,629
1229,629
1205,629
1124,629
1077,629
1073,629
1022,629
662,629
2694,630
2519,630
2391,630
2390,630
2083,630
1920,630
1839,630
1599,630
1568,630
1429,630
1350,630
1341,630
1107,630
854,630
819,630
730,630
663,630
2836,631
1920,631
1599,631
720,631
663,631
664,632
665,633
2820,634
2473,634
1846,634
1839,634
1737,634
1599,634
665,634
668,635
915,636
726,636
673,636
674,637
1750,638
674,638
674,639
674,640
674,641
674,642
2130,643
1680,643
687,643
682,643
855,644
801,644
686,644
2664,645
2492,645
2427,645
2350,645
2337,645
2251,645
2086,645
2014,645
1957,645
1929,645
1899,645
1897,645
1875,645
1820,645
1798,645
1759,645
1709,645
1355,645
1142,645
1118,645
1089,645
1061,645
1035,645
888,645
692,645
697,646
700,647
2459,648
2345,648
2330,648
2099,648
1596,648
705,648
715,649
715,650
4007,651
3441,651
1457,651
1006,651
719,651
719,652
1456,653
1424,653
720,653
726,654
726,655
726,656
730,657
1600,658
1360,658
1353,658
737,658
1631,659
740,659
745,660
751,661
2443,662
1465,662
752,662
761,663
763,664
763,665
767,666
774,667
2846,668
776,668
2753,669
1633,669
1349,669
836,669
822,669
811,669
780,669
783,670
783,671
2158,672
1306,672
783,672
783,673
785,674
3945,675
907,675
791,675
793,676
793,677
966,678
793,678
794,679
795,680
858,681
798,681
796,681
2929,682
799,682
1461,683
804,683
804,684
2029,685
1468,685
809,685
808,685
806,685
804,685
808,686
806,686
804,686
1461,687
808,687
804,687
2029,688
1470,688
1468,688
806,688
809,689
808,689
808,690
813,691
815,692
833,693
3636,694
3174,694
2908,694
2836,694
2761,694
2182,694
1834,694
1633,694
836,694
955,695
849,695
848,695
847,695
844,695
841,695
1788,696
1699,696
1500,696
1206,696
846,696
3640,697
2941,697
1011,697
849,697
851,698
854,699
856,700
860,701
864,702
2353,703
864,703
864,704
866,705
866,706
880,707
881,708
3575,709
889,709
891,710
892,711
2893,712
1733,712
895,712
893,712
894,713
913,714
913,715
914,716
2805,717
915,717
2308,718
1658,718
1136,718
923,718
932,719
2328,720
1527,720
937,720
2308,721
1527,721
1202,721
937,721
2308,722
1216,722
937,722
2618,723
2502,723
2437,723
2436,723
2016,723
1999,723
1919,723
1678,723
1606,723
1488,723
1426,723
1421,723
1242,723
1235,723
1147,723
1117,723
1081,723
1036,723
1013,723
938,723
941,724
941,725
941,726
941,727
957,728
964,729
2839,730
2612,730
1929,730
1870,730
1377,730
1355,730
971,730
2813,731
2524,731
973,731
974,732
973,732
974,733
977,734
2055,735
1842,735
979,735
2159,736
1945,736
981,736
984,737
985,738
2118,739
985,739
985,740
988,741
992,742
995,743
2866,744
2532,744
995,744
998,745
1102,746
1000,746
1000,747
2211,748
1988,748
1159,748
1007,748
2311,749
1159,749
1007,749
2073,750
1794,750
1690,750
1016,750
1008,750
2873,751
2267,751
1475,751
1010,751
2873,752
1477,752
1012,752
1010,752
1012,753
1012,754
1015,755
1023,756
2794,757
2368,757
2272,757
2083,757
1919,757
1026,757
2620,758
2423,758
2214,758
1889,758
1385,758
1334,758
1249,758
1216,758
1030,758
2657,759
2612,759
2496,759
2446,759
2407,759
2376,759
2279,759
2225,759
2090,759
2082,759
2008,759
1994,759
1993,759
1992,759
1991,759
1982,759
1975,759
1919,759
1691,759
1687,759
1513,759
1495,759
1429,759
1260,759
1178,759
1112,759
1067,759
1065,759
1064,759
1051,759
1050,759
1054,760
1054,761
1062,762
2712,763
2618,763
2511,763
1971,763
1858,763
1787,763
1607,763
1139,763
1078,763
2618,764
2436,764
1488,764
1242,764
1147,764
1081,764
2098,765
1082,765
2764,766
2203,766
1296,766
1087,766
2764,767
2203,767
1296,767
1087,767
2385,768
2189,768
2008,768
1094,768
1448,769
1095,769
1133,770
2618,771
2352,771
2311,771
1139,771
2511,772
1607,772
1139,772
1141,773
1142,774
1148,775
2312,776
1148,776
1148,777
1149,778
2525,779
2368,779
1919,779
1792,779
1247,779
1154,779
1159,780
1159,781
1159,782
1171,783
1172,784
1173,785
1172,785
1174,786
1174,787
1174,788
1185,789
1371,790
1206,790
1197,790
1371,791
1197,791
1200,792
1540,793
1202,793
1206,794
2470,795
1629,795
1216,795
2330,796
1216,796
2521,797
1981,797
1938,797
1220,797
1225,798
1228,799
1250,800
1272,801
2605,802
2361,802
2253,802
1943,802
1633,802
1598,802
1387,802
1272,802
1273,803
1275,804
1279,805
1294,806
1298,807
1897,808
1804,808
1299,808
2498,809
1664,809
1308,809
1313,810
1502,811
1365,811
1313,811
2065,812
1339,812
1335,812
2454,813
2327,813
1337,813
2327,814
2145,814
1338,814
1351,815
1352,816
1600,817
1360,817
1353,817
1373,818
1870,819
1377,819
1375,819
1382,820
1387,821
1387,822
1387,823
1431,824
1398,824
1399,825
1399,826
1896,827
1645,827
1403,827
1945,828
1410,828
2712,829
2352,829
2311,829
1787,829
1430,829
1449,830
1450,831
3677,832
1460,832
1458,832
1461,833
1461,834
1461,835
2131,836
1468,836
2131,837
1468,837
1468,838
1471,839
1471,840
1473,841
2872,842
1478,842
1477,842
1474,842
2873,843
1476,843
1476,844
2053,845
1599,845
1484,845
1494,846
1502,847
1503,848
1513,849
2030,850
1515,850
1529,851
2261,852
1602,852
1529,852
1529,853
1602,854
1529,854
1529,855
2832,856
2303,856
2259,856
1961,856
1602,856
1529,856
1530,857
1530,858
1530,859
1530,860
1599,861
1551,861
1565,862
1569,863
1569,864
1571,865
1571,866
2784,867
1571,867
1591,868
1591,869
1591,870
2093,871
1591,871
1592,872
1596,873
2345,874
2330,874
1596,874
1596,875
2361,876
1598,876
1598,877
2361,878
1598,878
1598,879
1611,880
1611,881
1613,882
1611,882
1614,883
1613,883
1612,883
1611,883
1613,884
1612,884
1611,884
2670,885
1619,885
1621,886
3288,887
1631,887
1631,888
1633,889
1658,890
1662,891
1662,892
1664,893
1682,894
1682,895
2692,896
2586,896
1687,896
1690,897
1692,898
1711,899
1692,899
1711,900
1692,900
1701,901
1701,902
1701,903
1723,904
2681,905
1723,905
1724,906
1738,907
1736,907
1729,907
1731,908
1929,909
1927,909
1755,909
1757,910
1776,911
1776,912
2819,913
2723,913
2713,913
2592,913
2447,913
1800,913
1837,914
1837,915
1855,916
1856,917
1856,918
1856,919
1856,920
1856,921
1869,922
1904,923
1904,924
1904,925
1918,926
1924,927
1924,928
1924,929
1928,930
1943,931
1959,932
1959,933
1960,934
2805,935
1966,935
1960,935
1981,936
1990,937
1990,938
1991,939
2446,940
1992,940
2048,941
2073,942
2087,943
2087,944
2099,945
2118,946
2138,947
2144,948
2145,949
2145,950
2480,951
2145,951
2145,952
2145,953
2145,954
2152,955
2159,956
2159,957
2469,958
2159,958
2830,959
2172,959
2191,960
2202,961
2806,962
2766,962
2205,962
2423,963
2211,963
2224,964
2232,965
2232,966
2232,967
2243,968
2285,969
2289,970
2311,971
2322,972
2322,973
2322,974
2322,975
2322,976
2322,977
2322,978
2322,979
2322,980
2330,981
2330,982
2330,983
2341,984
2345,985
2353,986
2353,987
2361,988
2361,989
2361,990
2544,991
2361,991
2363,992
2367,993
2367,994
2511,995
2426,995
2432,996
2437,997
2454,998
2454,999
2830,1000
2826,1000
2585,1000
2466,1000
2469,1001
2475,1002
2486,1003
2488,1004
2522,1005
3222,1006
2525,1006
2525,1007
2525,1008
2525,1009
2525,1010
2531,1011
2534,1012
2532,1012
2531,1012
2534,1013
2532,1013
2534,1014
2534,1015
2548,1016
2584,1017
2585,1018
2585,1019
2692,1020
2586,1020
2605,1021
2608,1022
2623,1023
2623,1024
2624,1025
2641,1026
2655,1027
2670,1028
2672,1029
2672,1030
2692,1031
2692,1032
2709,1033
2714,1034
2714,1035
2774,1036
2772,1036
2721,1036
2754,1037
2764,1038
2766,1039
2766,1040
2766,1041
2766,1042
2784,1043
2784,1044
2784,1045
2784,1046
2800,1047
2799,1047
2800,1048
2806,1049
2806,1050
2825,1051
2827,1052
2827,1053
2854,1054
2859,1055
2886,1056
2885,1056
2884,1056
2885,1057
2886,1058
2894,1059
3494,1060
4105,1060
4097,1060
4092,1060
4073,1060
4070,1060
4054,1060
4049,1060
4047,1060
4015,1060
4014,1060
4012,1060
3999,1060
3983,1060
3959,1060
3935,1060
3926,1060
3922,1060
3914,1060
3907,1060
3905,1060
3900,1060
3884,1060
3879,1060
3865,1060
3858,1060
3853,1060
3826,1060
3785,1060
3772,1060
3769,1060
3757,1060
3752,1060
3728,1060
3724,1060
3721,1060
3695,1060
3689,1060
3673,1060
3663,1060
3662,1060
3635,1060
3631,1060
3618,1060
3612,1060
3610,1060
3604,1060
3594,1060
3585,1060
3565,1060
3563,1060
3543,1060
3536,1060
3527,1060
3523,1060
2896,1060
2905,1060
2913,1060
2945,1060
2961,1060
2982,1060
3008,1060
3014,1060
3027,1060
3030,1060
3033,1060
3044,1060
3079,1060
3094,1060
3116,1060
3149,1060
3158,1060
3159,1060
3162,1060
3166,1060
3188,1060
3219,1060
3220,1060
3225,1060
3226,1060
3227,1060
3233,1060
3242,1060
3267,1060
3281,1060
3287,1060
3298,1060
3312,1060
3313,1060
3323,1060
3331,1060
3337,1060
3355,1060
3365,1060
3399,1060
3403,1060
3447,1060
3451,1060
3452,1060
3458,1060
3465,1060
3467,1060
3474,1060
3480,1060
3484,1060
4064,1061
4048,1061
3651,1061
3553,1061
3520,1061
3457,1061
3435,1061
3273,1061
3073,1061
2970,1061
2928,1061
2897,1061
4072,1062
4066,1062
4060,1062
4048,1062
4034,1062
3965,1062
3952,1062
3929,1062
3677,1062
3653,1062
3634,1062
3553,1062
3547,1062
3526,1062
3525,1062
3517,1062
3453,1062
3435,1062
3427,1062
3273,1062
3260,1062
3119,1062
3073,1062
3026,1062
3013,1062
2996,1062
2993,1062
2957,1062
2897,1062
4053,1063
3961,1063
3919,1063
3746,1063
3725,1063
3698,1063
3690,1063
3664,1063
3644,1063
3587,1063
3583,1063
3558,1063
3506,1063
3495,1063
3393,1063
3387,1063
3327,1063
3292,1063
3247,1063
3241,1063
3117,1063
3053,1063
2935,1063
2898,1063
4002,1064
3972,1064
3961,1064
3951,1064
3936,1064
3895,1064
3868,1064
3857,1064
3838,1064
3822,1064
3806,1064
3759,1064
3731,1064
3691,1064
3675,1064
3644,1064
3589,1064
3578,1064
3558,1064
3554,1064
3541,1064
3491,1064
3440,1064
3393,1064
3392,1064
3387,1064
3341,1064
3325,1064
3311,1064
3297,1064
3277,1064
3272,1064
3231,1064
3197,1064
3103,1064
3090,1064
3087,1064
3057,1064
2956,1064
2937,1064
2899,1064
3040,1065
2900,1065
2900,1066
2900,1067
2900,1068
3963,1069
3946,1069
3724,1069
3717,1069
3627,1069
3568,1069
3507,1069
3472,1069
3416,1069
3398,1069
3365,1069
3333,1069
3125,1069
3094,1069
3040,1069
3009,1069
2915,1069
2900,1069
4101,1070
4090,1070
4003,1070
3535,1070
3447,1070
3360,1070
3144,1070
3076,1070
2934,1070
2900,1070
3937,1071
3710,1071
3464,1071
3334,1071
3220,1071
3111,1071
3101,1071
3033,1071
2902,1071
3710,1072
3464,1072
3334,1072
3111,1072
3101,1072
2902,1072
3710,1073
3464,1073
3111,1073
3101,1073
2902,1073
4075,1074
2904,1074
2954,1074
2969,1074
2982,1074
2990,1074
3014,1074
3050,1074
3061,1074
3094,1074
3099,1074
3188,1074
3209,1074
3216,1074
3266,1074
3278,1074
3283,1074
3295,1074
3302,1074
3333,1074
3340,1074
3408,1074
3419,1074
3426,1074
3434,1074
3449,1074
3479,1074
3482,1074
3494,1074
3563,1074
3568,1074
3596,1074
3647,1074
3668,1074
3670,1074
3700,1074
3724,1074
3779,1074
3793,1074
3860,1074
3862,1074
3879,1074
3887,1074
3893,1074
3931,1074
3935,1074
3969,1074
3975,1074
4015,1074
4039,1074
4049,1074
2904,1075
4063,1076
3973,1076
3894,1076
3860,1076
3842,1076
3814,1076
3721,1076
3704,1076
3659,1076
3650,1076
3610,1076
3609,1076
3604,1076
3542,1076
3528,1076
3505,1076
3493,1076
3460,1076
3447,1076
3439,1076
3437,1076
3421,1076
3397,1076
3312,1076
3302,1076
3295,1076
3159,1076
3110,1076
3108,1076
3100,1076
3063,1076
2995,1076
2971,1076
2963,1076
2940,1076
2919,1076
2905,1076
3479,1077
3098,1077
2906,1077
4000,1078
3789,1078
2907,1078
3895,1079
4068,1079
4048,1079
2907,1079
2935,1079
2968,1079
2975,1079
3004,1079
3007,1079
3017,1079
3048,1079
3053,1079
3058,1079
3103,1079
3129,1079
3141,1079
3154,1079
3186,1079
3229,1079
3231,1079
3241,1079
3277,1079
3310,1079
3345,1079
3346,1079
3387,1079
3393,1079
3428,1079
3435,1079
3456,1079
3457,1079
3463,1079
3468,1079
3476,1079
3478,1079
3491,1079
3544,1079
3554,1079
3555,1079
3557,1079
3570,1079
3620,1079
3623,1079
3703,1079
3709,1079
3723,1079
3758,1079
3770,1079
3792,1079
3801,1079
3830,1079
3834,1079
3868,1079
3912,1080
3622,1080
3083,1080
2922,1080
2907,1080
3948,1081
3734,1081
2955,1081
2908,1081
3997,1082
3791,1082
3707,1082
3609,1082
3577,1082
3575,1082
3559,1082
3460,1082
3439,1082
3421,1082
3413,1082
3391,1082
3295,1082
3196,1082
3174,1082
3159,1082
3143,1082
3134,1082
3108,1082
3065,1082
3063,1082
2971,1082
2908,1082
2908,1083
2908,1084
3791,1085
2909,1085
2910,1086
4102,1087
4009,1087
3882,1087
3804,1087
3588,1087
3581,1087
3373,1087
3282,1087
3176,1087
3134,1087
3105,1087
3043,1087
2931,1087
2910,1087
3978,1088
3892,1088
3867,1088
3729,1088
3698,1088
3651,1088
3621,1088
3506,1088
3478,1088
3453,1088
3228,1088
2967,1088
2928,1088
2911,1088
3994,1089
3978,1089
3976,1089
3965,1089
3929,1089
3925,1089
3891,1089
3820,1089
3762,1089
3698,1089
3653,1089
3525,1089
3506,1089
3502,1089
3478,1089
3453,1089
3425,1089
3332,1089
3273,1089
3154,1089
3083,1089
3073,1089
3062,1089
2993,1089
2967,1089
2940,1089
2911,1089
3179,1090
2911,1090
4107,1091
4077,1091
4018,1091
3992,1091
3969,1091
3935,1091
3932,1091
3914,1091
3908,1091
3859,1091
3819,1091
3815,1091
3802,1091
3789,1091
3709,1091
3691,1091
3671,1091
3591,1091
3577,1091
3511,1091
3499,1091
3424,1091
3381,1091
3372,1091
3346,1091
3343,1091
3342,1091
3328,1091
3252,1091
3202,1091
3191,1091
3149,1091
3120,1091
3064,1091
3042,1091
3011,1091
2944,1091
2912,1091
3903,1092
3837,1092
3819,1092
3789,1092
3625,1092
3499,1092
2912,1092
4018,1093
3856,1093
3819,1093
3413,1093
3138,1093
2912,1093
4018,1094
3711,1094
3120,1094
2912,1094
3856,1095
4100,1095
4095,1095
4082,1095
4077,1095
4018,1095
4000,1095
3992,1095
3980,1095
3971,1095
3970,1095
3969,1095
3959,1095
3926,1095
3918,1095
3911,1095
3903,1095
3870,1095
3859,1095
2912,1095
2952,1095
2957,1095
2960,1095
2979,1095
3006,1095
3010,1095
3033,1095
3060,1095
3075,1095
3081,1095
3118,1095
3120,1095
3138,1095
3183,1095
3184,1095
3189,1095
3213,1095
3222,1095
3236,1095
3238,1095
3318,1095
3325,1095
3341,1095
3342,1095
3346,1095
3364,1095
3372,1095
3413,1095
3415,1095
3459,1095
3463,1095
3469,1095
3471,1095
3499,1095
3500,1095
3516,1095
3585,1095
3625,1095
3629,1095
3671,1095
3673,1095
3686,1095
3748,1095
3759,1095
3784,1095
3792,1095
3801,1095
3819,1095
3829,1095
2914,1096
2914,1097
3991,1098
3899,1098
3694,1098
3640,1098
3560,1098
3507,1098
3432,1098
3403,1098
3398,1098
3317,1098
2915,1098
3934,1099
3568,1099
3507,1099
3221,1099
3148,1099
3094,1099
2979,1099
2915,1099
3870,1100
3568,1100
3240,1100
3221,1100
2915,1100
2917,1101
2917,1102
4063,1103
4032,1103
3894,1103
3861,1103
3842,1103
3832,1103
3814,1103
3813,1103
3800,1103
3721,1103
3704,1103
3659,1103
3657,1103
3654,1103
3650,1103
3648,1103
3609,1103
3604,1103
3542,1103
3528,1103
3505,1103
3493,1103
3460,1103
3447,1103
3439,1103
3437,1103
3421,1103
3403,1103
3391,1103
3386,1103
3353,1103
3312,1103
3307,1103
3295,1103
3160,1103
3159,1103
3157,1103
3110,1103
3108,1103
3100,1103
3067,1103
3063,1103
3031,1103
2990,1103
2978,1103
2971,1103
2963,1103
2940,1103
2919,1103
3973,1104
3955,1104
3842,1104
3832,1104
3824,1104
3808,1104
3733,1104
3721,1104
3704,1104
3659,1104
3611,1104
3604,1104
3586,1104
3528,1104
3505,1104
3437,1104
3421,1104
3397,1104
3205,1104
3177,1104
3159,1104
3100,1104
3094,1104
3025,1104
2964,1104
2940,1104
2924,1104
2919,1104
4063,1105
4032,1105
3984,1105
3947,1105
3842,1105
3814,1105
3803,1105
3735,1105
3659,1105
3649,1105
3648,1105
3542,1105
3505,1105
3460,1105
3437,1105
3421,1105
3386,1105
3160,1105
3159,1105
3157,1105
3110,1105
3108,1105
3100,1105
3025,1105
3023,1105
2995,1105
2978,1105
2919,1105
4058,1106
4103,1106
4083,1106
2919,1106
2949,1106
2959,1106
2982,1106
3024,1106
3034,1106
3036,1106
3045,1106
3051,1106
3069,1106
3078,1106
3102,1106
3126,1106
3216,1106
3226,1106
3233,1106
3237,1106
3239,1106
3254,1106
3284,1106
3286,1106
3300,1106
3314,1106
3426,1106
3446,1106
3480,1106
3488,1106
3538,1106
3565,1106
3566,1106
3594,1106
3606,1106
3636,1106
3668,1106
3678,1106
3707,1106
3727,1106
3738,1106
3767,1106
3777,1106
3826,1106
3848,1106
3849,1106
3900,1106
3948,1106
3950,1106
3962,1106
4019,1106
4021,1106
4036,1106
3973,1107
3873,1107
3832,1107
3814,1107
3733,1107
3721,1107
3704,1107
3659,1107
3604,1107
3528,1107
3437,1107
3397,1107
3302,1107
3177,1107
3094,1107
3025,1107
2964,1107
2919,1107
2920,1108
2920,1109
3950,1110
3918,1110
3869,1110
3577,1110
3423,1110
3406,1110
3391,1110
3239,1110
3143,1110
2921,1110
4085,1111
4077,1111
4052,1111
4024,1111
3971,1111
3856,1111
3841,1111
3759,1111
3748,1111
3699,1111
3646,1111
3500,1111
3448,1111
3368,1111
3325,1111
3238,1111
3135,1111
3120,1111
3106,1111
3058,1111
3003,1111
2921,1111
2921,1112
2921,1113
4024,1114
3748,1114
3318,1114
3224,1114
2976,1114
2921,1114
2921,1115
3346,1116
2921,1116
4024,1117
2976,1117
2921,1117
3748,1118
3224,1118
2921,1118
4071,1119
3993,1119
3971,1119
3811,1119
3759,1119
3646,1119
3629,1119
3500,1119
3305,1119
3112,1119
3106,1119
3056,1119
2922,1119
4017,1120
3811,1120
3743,1120
3703,1120
3624,1120
3608,1120
3590,1120
3589,1120
3579,1120
3570,1120
3567,1120
3557,1120
3438,1120
3430,1120
3428,1120
3379,1120
3377,1120
3280,1120
3274,1120
3173,1120
3156,1120
3141,1120
3112,1120
3053,1120
3032,1120
2975,1120
2946,1120
2922,1120
3905,1121
3900,1121
3884,1121
3741,1121
3680,1121
3673,1121
3663,1121
3585,1121
3451,1121
3390,1121
3242,1121
3014,1121
2923,1121
4031,1122
3968,1122
3953,1122
3727,1122
3617,1122
3600,1122
3310,1122
3101,1122
2923,1122
3991,1123
3188,1123
2927,1123
3919,1124
3664,1124
3247,1124
2928,1124
4028,1125
3890,1125
3777,1125
3623,1125
3495,1125
3491,1125
3466,1125
3450,1125
3445,1125
3319,1125
3277,1125
3053,1125
2928,1125
4069,1126
3863,1126
3729,1126
3708,1126
3518,1126
3392,1126
3364,1126
3053,1126
3004,1126
2928,1126
2967,1127
2928,1127
2931,1128
3939,1129
3253,1129
2931,1129
4037,1130
4027,1130
3738,1130
3661,1130
3059,1130
2932,1130
3826,1131
3738,1131
3594,1131
3254,1131
3126,1131
2933,1131
4099,1132
4070,1132
3922,1132
3905,1132
3828,1132
3721,1132
3663,1132
3610,1132
3594,1132
3527,1132
3493,1132
3331,1132
3208,1132
3009,1132
2945,1132
2933,1132
2933,1133
2933,1134
2934,1135
2934,1136
2934,1137
2934,1138
4088,1139
3885,1139
3817,1139
3772,1139
3597,1139
3512,1139
3467,1139
3465,1139
3452,1139
3414,1139
3355,1139
3052,1139
2934,1139
3975,1140
3713,1140
3583,1140
3479,1140
3098,1140
2935,1140
4017,1141
3934,1141
3554,1141
3463,1141
3435,1141
3325,1141
3037,1141
3017,1141
2957,1141
2939,1141
4010,1142
3946,1142
3640,1142
3250,1142
3207,1142
3040,1142
2976,1142
2941,1142
2941,1143
2941,1144
4010,1145
3965,1145
3946,1145
3792,1145
3694,1145
3640,1145
3516,1145
3432,1145
3427,1145
3416,1145
3398,1145
3317,1145
3222,1145
3207,1145
3189,1145
3009,1145
2957,1145
2941,1145
3850,1146
3748,1146
2941,1146
2941,1147
2941,1148
2941,1149
3946,1150
3694,1150
3640,1150
3516,1150
3432,1150
3398,1150
3207,1150
2941,1150
3834,1151
3690,1151
3453,1151
2942,1151
3839,1152
3808,1152
3513,1152
3401,1152
3342,1152
3330,1152
3060,1152
2978,1152
2944,1152
2945,1153
3890,1154
3833,1154
3825,1154
3628,1154
3616,1154
3579,1154
3570,1154
3462,1154
3428,1154
3377,1154
3338,1154
3306,1154
3279,1154
3084,1154
3058,1154
3048,1154
2975,1154
2947,1154
4000,1155
3911,1155
3889,1155
3500,1155
3459,1155
3135,1155
3006,1155
2948,1155
4077,1156
3184,1156
3133,1156
2951,1156
2951,1157
3459,1158
2951,1158
3627,1159
3451,1159
2952,1159
2952,1160
4097,1161
4073,1161
4019,1161
4012,1161
3887,1161
3865,1161
3858,1161
3783,1161
3775,1161
3757,1161
3730,1161
3723,1161
3576,1161
3529,1161
3523,1161
3494,1161
3493,1161
3439,1161
3434,1161
3409,1161
3369,1161
3331,1161
3300,1161
3269,1161
3264,1161
3220,1161
3219,1161
3215,1161
3188,1161
3174,1161
3116,1161
3066,1161
3028,1161
2952,1161
4103,1162
4019,1162
3887,1162
3846,1162
3732,1162
3721,1162
3630,1162
3529,1162
3523,1162
3494,1162
3441,1162
3439,1162
3419,1162
3348,1162
3331,1162
3312,1162
3295,1162
3174,1162
3123,1162
3065,1162
3059,1162
2998,1162
2971,1162
2954,1162
3196,1163
2955,1163
4054,1164
3958,1164
3876,1164
3751,1164
3746,1164
3703,1164
3624,1164
3518,1164
3495,1164
3462,1164
3405,1164
3393,1164
3365,1164
3345,1164
3322,1164
3319,1164
3277,1164
3260,1164
3252,1164
3142,1164
3136,1164
3123,1164
3103,1164
3056,1164
3050,1164
3022,1164
2969,1164
2968,1164
2955,1164
4028,1165
3988,1165
3587,1165
3554,1165
3425,1165
2956,1165
4077,1166
4017,1166
3934,1166
3701,1166
3554,1166
3544,1166
3463,1166
3435,1166
3346,1166
3325,1166
3154,1166
3037,1166
2957,1166
3965,1167
3875,1167
3653,1167
3547,1167
3544,1167
3453,1167
3273,1167
3260,1167
3026,1167
2970,1167
2957,1167
4048,1168
4013,1168
3285,1168
3009,1168
2957,1168
2959,1169
3999,1170
3918,1170
3869,1170
3724,1170
3642,1170
3288,1170
3094,1170
2961,1170
4075,1171
3975,1171
3969,1171
3935,1171
3931,1171
3879,1171
3793,1171
3700,1171
3647,1171
3563,1171
3494,1171
3449,1171
3408,1171
3340,1171
3266,1171
3188,1171
3061,1171
3022,1171
2982,1171
2963,1171
3061,1172
2963,1172
3915,1173
3061,1173
2963,1173
3061,1174
2963,1174
3061,1175
3021,1175
2963,1175
3712,1176
3155,1176
3061,1176
3021,1176
2963,1176
4092,1177
3969,1177
3559,1177
3150,1177
3022,1177
2965,1177
4035,1178
3985,1178
3970,1178
3662,1178
3652,1178
3150,1178
3022,1178
2965,1178
3985,1179
3881,1179
3662,1179
3121,1179
2973,1179
2965,1179
2967,1180
4096,1181
4061,1181
3957,1181
3886,1181
3863,1181
3844,1181
3751,1181
3624,1181
3518,1181
3456,1181
3424,1181
3393,1181
3345,1181
3277,1181
3181,1181
3156,1181
3097,1181
3048,1181
2975,1181
2968,1181
2968,1182
4075,1183
4039,1183
4015,1183
3862,1183
3724,1183
3700,1183
3449,1183
3408,1183
3232,1183
3014,1183
2969,1183
4075,1184
4039,1184
3931,1184
3803,1184
3793,1184
3779,1184
3700,1184
3670,1184
3647,1184
3563,1184
3479,1184
3449,1184
3408,1184
3340,1184
3333,1184
3216,1184
3099,1184
3094,1184
3014,1184
2969,1184
3273,1185
2970,1185
4064,1186
3651,1186
3544,1186
3435,1186
2970,1186
4064,1187
2970,1187
2970,1188
3540,1189
3528,1189
3391,1189
3307,1189
3295,1189
3159,1189
2971,1189
2972,1190
3967,1191
3885,1191
3817,1191
3482,1191
3481,1191
3452,1191
3414,1191
3144,1191
2973,1191
2973,1192
4004,1193
3355,1193
3144,1193
2973,1193
2976,1194
3318,1195
2976,1195
4024,1196
3889,1196
3831,1196
3672,1196
3459,1196
3318,1196
3249,1196
2976,1196
4006,1197
3889,1197
3831,1197
3672,1197
3459,1197
3318,1197
3249,1197
3023,1197
2976,1197
3672,1198
3249,1198
2976,1198
4100,1199
3980,1199
3959,1199
3927,1199
3911,1199
3801,1199
3759,1199
3748,1199
3629,1199
3625,1199
3469,1199
3413,1199
3364,1199
3346,1199
3341,1199
3318,1199
3257,1199
3184,1199
3183,1199
3118,1199
2979,1199
2983,1200
3909,1201
3573,1201
3450,1201
3382,1201
3363,1201
2983,1201
4107,1202
4036,1202
3909,1202
3691,1202
3573,1202
3450,1202
3410,1202
3382,1202
3363,1202
3191,1202
3120,1202
3042,1202
2987,1202
2983,1202
4054,1203
3995,1203
3765,1203
3749,1203
3514,1203
3474,1203
3409,1203
3261,1203
3103,1203
2985,1203
4091,1204
3904,1204
3874,1204
3866,1204
3843,1204
3701,1204
3642,1204
3621,1204
3866,1204
3407,1204
3366,1204
3311,1204
3185,1204
3054,1204
2987,1204
2987,1205
3904,1206
2987,1206
3904,1207
3773,1207
3335,1207
3311,1207
3234,1207
2987,1207
2987,1208
2987,1209
2987,1210
2988,1211
4063,1212
3887,1212
3295,1212
2990,1212
2990,1213
2990,1214
2990,1215
4032,1216
3871,1216
3861,1216
3803,1216
3648,1216
3542,1216
3386,1216
3205,1216
3160,1216
3157,1216
3100,1216
3067,1216
3063,1216
2990,1216
2995,1217
3339,1218
2995,1218
3855,1219
3796,1219
3540,1219
3174,1219
3155,1219
3108,1219
3065,1219
2998,1219
3796,1220
3540,1220
3386,1220
3307,1220
3155,1220
3065,1220
2998,1220
3003,1221
3990,1222
3466,1222
3090,1222
3004,1222
3489,1223
3369,1223
3364,1223
3269,1223
3239,1223
3206,1223
3015,1223
3010,1223
3004,1223
3961,1224
3878,1224
3737,1224
3691,1224
3418,1224
3006,1224
3911,1225
3238,1225
3006,1225
3911,1226
3238,1226
3006,1226
4077,1227
4018,1227
3959,1227
3629,1227
3469,1227
3341,1227
3184,1227
3138,1227
3118,1227
3082,1227
3006,1227
4000,1228
3629,1228
3341,1228
3075,1228
3006,1228
3889,1229
3463,1229
3459,1229
3006,1229
3007,1230
3009,1231
3369,1232
3364,1232
3206,1232
3010,1232
3364,1233
3010,1233
3206,1234
3103,1234
3090,1234
3056,1234
3010,1234
3647,1235
3232,1235
3014,1235
3900,1236
3884,1236
3673,1236
3014,1236
3213,1237
3022,1237
3022,1238
3023,1239
3023,1240
3025,1241
3025,1242
3025,1243
3026,1244
3026,1245
3027,1246
3028,1247
3946,1248
3694,1248
3654,1248
3516,1248
3432,1248
3416,1248
3031,1248
3842,1249
3721,1249
3654,1249
3648,1249
3604,1249
3460,1249
3447,1249
3421,1249
3295,1249
3159,1249
3100,1249
3063,1249
3031,1249
3033,1250
3033,1251
3946,1252
3040,1252
3042,1253
4107,1254
3819,1254
3815,1254
3691,1254
3424,1254
3120,1254
3042,1254
3042,1255
3042,1256
3900,1257
3766,1257
3673,1257
3663,1257
3044,1257
3046,1258
3123,1259
3046,1259
3047,1260
3059,1261
3396,1262
3059,1262
3911,1263
3413,1263
3060,1263
3903,1264
3819,1264
3625,1264
3499,1264
3060,1264
3911,1265
3413,1265
3060,1265
3060,1266
3060,1267
3911,1268
3060,1268
3060,1269
3061,1270
3283,1271
3061,1271
3064,1272
3709,1273
3433,1273
3381,1273
3332,1273
3064,1273
3460,1274
3331,1274
3307,1274
3295,1274
3065,1274
4009,1275
3609,1275
3559,1275
3439,1275
3391,1275
3307,1275
3295,1275
3065,1275
3065,1276
4103,1277
4019,1277
3887,1277
3439,1277
3406,1277
3143,1277
3108,1277
3065,1277
3065,1278
3213,1279
3066,1279
3791,1280
3679,1280
3542,1280
3447,1280
3067,1280
3850,1281
3072,1281
3870,1282
3656,1282
3507,1282
3398,1282
3287,1282
3072,1282
3083,1283
3073,1283
3074,1284
3074,1285
3079,1286
3083,1287
3083,1288
3866,1289
3866,1289
3083,1289
3085,1290
3085,1291
3957,1292
3555,1292
3085,1292
3085,1293
3085,1294
3602,1295
3088,1295
3573,1296
3450,1296
3090,1296
3091,1297
3091,1298
3091,1299
4086,1300
3098,1300
3098,1301
3724,1302
3099,1302
3099,1303
3710,1304
3464,1304
3111,1304
3101,1304
3101,1305
3102,1306
3796,1307
3540,1307
3174,1307
3108,1307
3307,1308
3108,1308
3913,1309
3601,1309
3114,1309
3117,1310
3971,1311
3759,1311
3664,1311
3629,1311
3500,1311
3305,1311
3117,1311
3152,1312
3121,1312
3121,1313
3536,1314
3122,1314
4024,1315
3789,1315
3325,1315
3122,1315
3123,1316
3126,1317
4017,1318
3910,1318
3811,1318
3711,1318
3608,1318
3557,1318
3455,1318
3428,1318
3377,1318
3229,1318
3141,1318
3130,1318
4076,1319
3133,1319
3133,1320
3950,1321
3918,1321
3869,1321
3577,1321
3423,1321
3143,1321
3143,1322
3143,1323
4088,1324
3144,1324
3146,1325
3152,1326
3152,1327
3152,1328
3891,1329
3762,1329
3478,1329
3154,1329
3936,1330
3796,1330
3489,1330
3369,1330
3206,1330
3155,1330
3540,1331
3532,1331
3493,1331
3369,1331
3296,1331
3155,1331
3155,1332
3162,1333
3168,1334
4079,1335
4033,1335
4027,1335
3991,1335
3973,1335
3936,1335
3902,1335
3894,1335
3796,1335
3723,1335
3505,1335
3397,1335
3300,1335
3271,1335
3239,1335
3208,1335
3206,1335
3205,1335
3186,1335
3177,1335
3170,1335
3170,1336
3174,1337
3175,1338
3175,1339
3175,1340
4019,1341
4009,1341
3848,1341
3655,1341
3632,1341
3569,1341
3566,1341
3473,1341
3237,1341
3176,1341
3909,1342
3179,1342
3183,1343
3869,1344
3701,1344
3577,1344
3407,1344
3391,1344
3290,1344
3239,1344
3185,1344
3187,1345
3860,1346
3187,1346
3188,1347
3630,1348
3307,1348
3188,1348
3991,1349
3188,1349
3909,1350
3890,1350
3861,1350
3605,1350
3450,1350
3363,1350
3191,1350
3196,1351
3991,1352
3973,1352
3936,1352
3894,1352
3738,1352
3704,1352
3528,1352
3369,1352
3300,1352
3239,1352
3205,1352
3973,1353
3936,1353
3894,1353
3730,1353
3704,1353
3300,1353
3255,1353
3205,1353
3936,1354
3796,1354
3369,1354
3300,1354
3206,1354
3936,1355
3369,1355
3206,1355
3902,1356
3339,1356
3206,1356
3640,1357
3207,1357
3946,1358
3207,1358
3416,1359
3207,1359
3207,1360
3213,1361
3635,1362
3244,1362
3220,1362
3635,1363
3220,1363
3635,1364
3220,1364
3792,1365
3653,1365
3427,1365
3222,1365
3222,1366
3222,1367
3789,1368
3224,1368
3227,1369
3700,1370
3227,1370
3304,1371
3227,1371
3491,1372
3392,1372
3231,1372
3233,1373
3234,1374
3234,1375
3234,1376
3575,1377
3235,1377
3911,1378
3238,1378
3238,1379
3778,1380
3238,1380
4063,1381
4014,1381
3242,1381
3242,1382
3249,1383
3249,1384
3249,1385
3249,1386
3249,1387
3249,1388
3249,1389
3727,1390
3254,1390
4033,1391
3936,1391
3715,1391
3488,1391
3324,1391
3271,1391
3255,1391
3266,1392
3266,1393
3729,1394
3587,1394
3272,1394
3273,1395
4075,1396
3278,1396
3278,1397
3642,1398
3278,1398
3278,1399
3865,1400
3287,1400
3282,1400
3390,1401
3283,1401
3517,1402
3285,1402
3351,1403
3287,1403
3844,1404
3709,1404
3691,1404
3363,1404
3290,1404
3294,1405
3887,1406
3295,1406
3823,1407
3321,1407
3299,1407
3898,1408
3823,1408
3321,1408
3299,1408
3823,1409
3299,1409
3991,1410
3300,1410
3306,1411
3311,1412
3311,1413
3311,1414
3773,1415
3335,1415
3311,1415
3311,1416
3314,1417
3315,1418
3315,1419
3316,1420
3316,1421
3317,1422
3317,1423
3318,1424
3319,1425
3319,1426
3321,1427
3321,1428
3321,1429
3321,1430
3321,1431
4072,1432
3954,1432
3706,1432
3621,1432
3425,1432
3327,1432
3331,1433
3331,1434
3331,1435
3332,1436
3893,1437
3670,1437
3568,1437
3333,1437
3403,1438
3355,1438
3333,1438
3773,1439
3335,1439
3773,1440
3335,1440
3340,1441
3341,1442
3748,1443
3341,1443
3341,1444
3766,1445
3346,1445
3346,1446
3346,1447
3350,1448
3352,1449
3353,1450
3786,1451
3778,1451
3710,1451
3654,1451
3597,1451
3585,1451
3512,1451
3465,1451
3360,1451
3360,1452
3786,1453
3778,1453
3710,1453
3597,1453
3512,1453
3360,1453
3360,1454
3360,1455
3629,1456
3364,1456
3951,1457
3936,1457
3369,1457
3378,1458
3384,1459
3388,1460
3751,1461
3393,1461
3396,1462
3396,1463
3396,1464
3396,1465
3993,1466
3396,1466
3632,1467
3577,1467
3399,1467
3403,1468
3408,1469
3413,1470
3413,1471
3579,1472
3418,1472
3424,1473
3425,1474
3426,1475
3430,1476
3430,1477
3430,1478
3430,1479
3430,1480
3792,1481
3432,1481
3863,1482
3438,1482
3441,1483
3442,1484
3443,1485
3704,1486
3447,1486
3450,1487
3450,1488
3451,1489
3457,1490
3681,1491
3467,1491
3559,1492
3471,1492
3482,1493
3487,1494
3984,1495
3487,1495
3835,1496
3488,1496
3796,1497
3661,1497
3488,1497
3489,1498
3491,1499
3491,1500
3496,1501
3496,1502
3503,1503
3510,1504
3540,1505
3511,1505
3839,1506
3513,1506
3513,1507
3516,1508
3516,1509
3517,1510
3525,1511
3525,1512
3525,1513
3525,1514
3527,1515
4070,1516
3922,1516
3610,1516
3536,1516
3527,1516
3873,1517
3794,1517
3733,1517
3590,1517
3528,1517
3530,1518
3530,1519
3530,1520
3540,1521
3532,1521
3533,1522
3534,1523
3540,1524
3541,1525
3551,1526
3554,1527
3554,1528
3554,1529
4037,1530
3559,1530
3559,1531
3568,1532
3568,1533
4058,1534
3569,1534
3569,1535
4037,1536
3580,1536
3569,1536
3575,1537
3786,1538
3585,1538
3592,1539
3935,1540
3862,1540
3668,1540
3596,1540
3786,1541
3778,1541
3597,1541
3598,1542
3605,1543
3709,1544
3605,1544
3605,1545
3610,1546
3611,1547
3612,1548
3615,1549
3615,1550
3615,1551
3615,1552
3618,1553
3618,1554
3623,1555
3627,1556
3627,1557
3628,1558
3974,1559
3630,1559
3789,1560
3632,1560
3636,1561
3777,1562
3636,1562
3637,1563
3637,1564
3642,1565
3643,1566
3646,1567
3647,1568
3649,1569
3657,1570
3661,1571
3663,1572
3664,1573
3814,1574
3670,1574
3670,1575
3672,1576
3672,1577
3672,1578
3672,1579
3673,1580
3690,1581
3691,1582
3694,1583
3699,1584
3699,1585
3721,1586
3727,1587
3732,1588
3732,1589
3732,1590
3738,1591
3738,1592
3738,1593
4037,1594
3738,1594
3738,1595
3743,1596
3751,1597
3751,1598
3752,1599
3754,1600
3754,1601
3758,1602
3891,1603
3762,1603
3768,1604
3772,1605
3773,1606
3773,1607
3773,1608
3773,1609
3773,1610
3773,1611
3774,1612
3774,1613
3778,1614
3786,1615
3778,1615
3778,1616
3780,1617
3781,1618
3781,1619
3786,1620
3786,1621
3786,1622
3789,1623
3789,1624
3789,1625
3790,1626
3792,1627
3796,1628
3796,1629
3800,1630
3800,1631
3810,1632
3812,1633
3813,1634
3823,1635
3826,1636
3828,1637
3830,1638
3835,1639
3835,1640
3835,1641
3835,1642
3841,1643
3843,1644
3843,1645
3860,1646
3860,1647
3862,1648
3865,1649
3865,1650
3868,1651
3870,1652
3873,1653
3873,1654
3875,1655
3877,1656
3878,1657
3881,1658
3900,1659
3884,1659
3887,1660
3891,1661
3891,1662
3892,1663
3893,1664
4029,1665
3913,1665
3903,1665
3896,1665
4029,1666
3913,1666
3896,1666
3896,1667
3896,1668
3903,1669
3903,1670
3903,1671
3905,1672
3905,1673
3905,1674
3911,1675
3912,1676
3913,1677
3918,1678
3925,1679
3929,1680
3935,1681
3937,1682
3937,1683
3937,1684
3948,1685
3948,1686
3950,1687
3950,1688
3955,1689
3966,1690
3974,1691
3974,1692
3975,1693
3981,1694
3984,1695
3991,1696
3992,1697
3992,1698
4004,1699
4007,1700
4007,1701
4007,1702
4007,1703
4007,1704
4007,1705
4007,1706
4007,1707
4008,1708
4013,1709
4017,1710
4017,1711
4017,1712
4020,1713
4023,1714
4089,1715
4023,1715
4023,1716
4027,1717
4029,1718
4029,1719
4029,1720
4029,1721
4029,1722
4030,1723
4030,1724
4035,1725
4038,1726
4038,1727
4038,1728
4038,1729
4039,1730
4046,1731
4046,1732
4049,1733
4049,1734
4053,1735
4060,1736
4060,1737
4061,1738
4063,1739
4072,1740
4067,1740
4071,1741
4071,1742
4077,1743
4086,1744
4084,1744
4086,1745
4089,1746
4099,1747
4101,1748
4106,1749
